1
 
 
 
 
                      Warning: This computer program is protected by copyright law and international treaties.       
                  Unauthorized use, reproduction or distribution of this computer program, or any portion of it, may 
                                          result in severe civil and criminal penalties.                             
                         Copyright (C) 2017 MSC Software Corporation and its licensors. All rights reserved.         
 
 
                                              * * * * * * * * * * * * * * * * * * * *
                                              * * * * * * * * * * * * * * * * * * * *
                                              * *                                 * *
                                              * *           MSC Software          * *
                                              * *               CORP              * *
                                              * *                                 * *
                                              * *      M S C   N a s t r a n      * *
                                              * *                                 * *
                                              * *                                 * *
                                              * *                                 * *
                                              * *     Version 2018.1.0-CL553137   * *
                                              * *                                 * *
                                              * *                                 * *
                                              * *                                 * *
                                              * *          MAR 11, 2018           * *
                                              * *                                 * *
                                              * *              Intel              * *
                                              * *  MODEL Xeon/3619 (DISC-STAGE7)  * *
                                              * *  Windows 7 Enterprise 6.1 7601  * *
                                              * * Compiled for 8664 (SINGLE Mode) * *
                                              * *                                 * *
                                              * * * * * * * * * * * * * * * * * * * *
                                              * * * * * * * * * * * * * * * * * * * *
1News file - (March 2, 2018)
  
               Welcome to MSC Nastran 2018.1
  
  
   Details of the new capabilities can be found in the MSC Nastran 2018
     Release Guide available online in the installation documentation
     sub-directory.
   Additional information can be found at the MSC Nastran Product Support page:
  
      http://simcompanion.mscsoftware.com
  
  
   The support page provides links to these valuable information:
      * A searchable Knowledge Base containing examples and answers to thousands
        of frequently asked questions written by MSC Software subject-matter
        experts.
      * Peer-to-peer Discussion Forums enabling you to post questions for your
        MSC Software products and receive answers from other users worldwide.
      * A list of known issues with the product and any workarounds.
      * Instructions on how to contact technical support
      * A mechanism for sending us product feedback or enhancement requests.
      * Hardware and software requirements.
      * Examples and Tutorials
      * and much more.
  
   For information on training, please visit our Training web site
  
      http://www.mscsoftware.com/Contents/Services/Training/
  
   MSC Nastran brings powerful new features and enhancements for engineering
   solutions.
  
     -  The purpose of this release is to sync MSC Nastran 2018.1
        with Patran 2018.0 release for improved compatibility
  
     Dynamics
     -  Structural and Fluid Material property specification can now be
        frequency dependent.
     -  Anisotropic structural damping can be defined for composite
        materials. Restriction removed that damping is proportional to
        stiffness.
     -  Spatial definition of property and material available now.
  
     Linear Buckling
     -  Linear Buckling with local exclusion of differential stiffness in SOL
        105.
  
     Rotordynamics
     -  Enhanced Mode-Tracking for Campbell Diagrams. Two new methods
1       introduced: Numerical Slope-Continuity and Eigenvector-Based.
     -  Rotors can now be included in upstream Part Superelements for
        both single and multi-level assemblies.
     -  Support for definition of CBUSH element cross-coupling terms.
  
     Multiple-Mass Configuration
     -  Easy definition and analysis of multiple mass cases in a single run.
        Supported in SOL 101, 103, 107/110, 108/111, 109/112, 144, 145, 146,
        200 and 400 solution sequences.
  
     Optimization
     -  Shell stress constraints can now be defined for Topology Optimization.
  
     Assembly
     -  New modules that can assemble multiple Bulk Data sections to form a
        single MSC Nastran input file. Modules are analogous to part
        superelements without reduction and are supported in SOL 101 - 112.
  
     Implicit Nonlinear Analysis - SOL 400
     -  GPFORCE Output with Contact
     -  Automatic Contact Generation
     -  External Superelements Creation, Assembly and Data Recovery
     -  CFAST Fastener element enabled to FUSE based on load criteria.
  
     Explicit Nonlinear Analysis - SOL 700
     -  Automated Coupling Surfaces
     -  New SOL 700 Dytran, Dytran under Nastran
  
     HPC
     -  Improved performance and scalability for the New ACMS method
     -  New MPYAD with better parallel performance and better method
        selection.
     -  New command line option, solve=auto and cpumax=N, to automatically
        choose optimal solver and parallel options based on hardware and
        the model.
  
     Results HDF5 Database
     -  Additional data blocks have been added to the HDF5 file: OEFTGV,
        OMONPNT, TOMVAR, TOPVAR, R1TABRD, HISADD, RESP12, WETFACES, META,
        OFCRFM, EPTFSP, MPTFSP, TRNUORD, and UHT, as well as modal and
        Rotordynamic matrices.
  
     Documentation
  
     The complete documentation set is provided in a separate installer and
     when installed is available at:
     MSC_DOC_DIR/doc/pdf_nastran directory.
     Where MSC_DOC_DIR is the directory where documentation was installed
     This help set has cross references between documents, links to how-to
     videos, and example files.
1 
     Individual MSC Nastran documents are available for download from the
       Simcompanion Website at:
       http://simcompanion.mscsoftware.com/
  
     These documents were updated for the MSC Nastran 2018.0 Release
  
         1.  MSC Nastran 2018.0 Installation and Operations Guide
         2.  MSC Nastran 2018.0 Quick Reference Guide
         3.  MSC Nastran 2018.0 Release Guide
         4.  MSC Nastran 2018.0 Linear Statics Analysis User's Guide
         5.  MSC Nastran 2018.0 Dynamic Analysis User's Guide
         6.  MSC Nastran 2018.0 Superelements User's Guide
         7.  MSC Nastran 2018.0 Rotordynamics User's Guide
         8.  MSC Nastran 2018.0 Demonstration Problems Manual
         9.  MSC Nastran 2018.0 Nastran Embedded Fatigue User's Guide
        10.  MSC Nastran 2018.0 Design Sensitivity and Optimization
        11.  MSC Nastran 2018.0 Nonlinear User's Guide SOL 400
        12.  MSC Nastran 2018.0 DMAP Programmer's Guide
        13.  MSC Nastran 2018.0 High Performance Computing User's Guide
  
  
  
    Please refer to:
  
    MSC_DOC_DIR/doc/pdf_nastran/nastran_library.pdf
  
1                                                                          NOVEMBER   9, 2020  MSC Nastran  3/11/18   PAGE     1
                                                                                                                                    
0        N A S T R A N    F I L E    A N D    S Y S T E M    P A R A M E T E R    E C H O                                           
0                                                                                                                                   
                                                                                                                                    
                                                                                                                                    
     $ SYSFIELD=SCR*(RAW=YES,BUFFIO=YES,WNUM=16,WSIZE=16MB) $(C:/MSC.SOFTWARE/MSC_NAS
     $ SYSFIELD=DBALL(RAW=YES,BUFFIO=YES,WNUM=16,WSIZE=16MB) $(C:/MSC.SOFTWARE/MSC_NA
     NASTRAN BUFFSIZE=8193 $(C:/MSC.SOFTWARE/MSC_NASTRAN/20181/CONF/NAST20181.RCF[6])
     $ MSC.NASTRAN INPUT FILE CREATED ON NOVEMBER  09, 2020 AT 16:13:38 BY           
     $ PATRAN 2018                                                                   
     $ DIRECT TEXT INPUT FOR NASTRAN SYSTEM CELL SECTION                             
     $ DIRECT TEXT INPUT FOR FILE MANAGEMENT SECTION                                 
     $ DIRECT TEXT INPUT FOR EXECUTIVE CONTROL                                       
     $ NORMAL MODES ANALYSIS, DATABASE                                               
1                                                                          NOVEMBER   9, 2020  MSC Nastran  3/11/18   PAGE     2
                                                                                                                                    
0        N A S T R A N    E X E C U T I V E    C O N T R O L    E C H O                                                             
0                                                                                                                                   
                                                                                                                                    
                                                                                                                                    
     SOL 103                                                                                 
     CEND                                                                                    
1    MSC.NASTRAN JOB CREATED ON 09-NOV-20 AT 15:26:16                      NOVEMBER   9, 2020  MSC Nastran  3/11/18   PAGE     3
                                                                                                                                    
0                                                                                                                                   
0                                        C A S E    C O N T R O L    E C H O                                                        
                 COMMAND                                                                                                            
                 COUNT                                                                                                              
                  1      $ DIRECT TEXT INPUT FOR GLOBAL CASE CONTROL DATA                                        
                  2      MEFFMASS(ALL,GRID=56)                                                                   
                  3      TITLE = MSC.NASTRAN JOB CREATED ON 09-NOV-20 AT 15:26:16                                
                  4      ECHO = NONE                                                                             
                  5      $ USING NASTRAN DEFAULT VALUES FOR RESVEC                                               
                  6      SUBCASE 1                                                                               
                  7         SUBTITLE=DEFAULT                                                                     
                  8         METHOD = 1                                                                           
                  9         SPC = 2                                                                              
                 10         VECTOR(SORT1,REAL)=ALL                                                               
                 11      $ DIRECT TEXT INPUT FOR THIS SUBCASE                                                    
                 12      BEGIN BULK                                                                              
1    MSC.NASTRAN JOB CREATED ON 09-NOV-20 AT 15:26:16                      NOVEMBER   9, 2020  MSC Nastran  3/11/18   PAGE     4
                                                                                                                                    
0                                                                                                                                   
                                              I N P U T   B U L K   D A T A   E C H O                                               
                 ENTRY                                                                                                              
                 COUNT        .   1  ..   2  ..   3  ..   4  ..   5  ..   6  ..   7  ..   8  ..   9  ..  10  .                      
 *** USER INFORMATION MESSAGE 9991 (SDLWIF)
     Messages are being generated at include level 0.
     File: C:\Users\f.sanfedino\Desktop\NASTRAN PLATE\Plate_centred_origin\plate_grid_56.bdf
 *** USER WARNING MESSAGE 9994 (BULFUN)
     MAT1 with MID=1 near line 133
     User information:  Material has unreasonable or inconsistent values of E, G or NU.
1    MSC.NASTRAN JOB CREATED ON 09-NOV-20 AT 15:26:16                      NOVEMBER   9, 2020  MSC Nastran  3/11/18   PAGE     5
                                                                                                                                    
0                                                                                                                                   
                                        M O D E L   S U M M A R Y          BULK = 0
                                   ENTRY NAME        NUMBER OF ENTRIES
                                   ----------        -----------------
                                       CQUAD4                      100
                                        EIGRL                        1
                                         GRID                      121
                                         MAT1                        1
                                        PARAM                        4
                                       PSHELL                        1
                                         SPC1                        1
                                       SPCADD                        1

 ^^^     
 ^^^ >>> IFP OPERATIONS COMPLETE <<< 
 ^^^     
1    MSC.NASTRAN JOB CREATED ON 09-NOV-20 AT 15:26:16                      NOVEMBER   9, 2020  MSC Nastran  3/11/18   PAGE     6
                                                                                                                                    
0                                                                                                                                   
                           O U T P U T   F R O M   G R I D   P O I N T   W E I G H T   G E N E R A T O R
0                                                     REFERENCE POINT =        0
                                                                M O
                      *  6.047400E+00  0.000000E+00  0.000000E+00  0.000000E+00  0.000000E+00 -1.734723E-16 *
                      *  0.000000E+00  6.047400E+00  0.000000E+00  0.000000E+00  0.000000E+00  3.023700E+00 *
                      *  0.000000E+00  0.000000E+00  6.047400E+00  1.595946E-16 -3.023700E+00  0.000000E+00 *
                      *  0.000000E+00  0.000000E+00  1.595946E-16  5.039500E-01  7.632783E-17  0.000000E+00 *
                      *  0.000000E+00  0.000000E+00 -3.023700E+00  7.632783E-17  2.015800E+00  0.000000E+00 *
                      * -1.734723E-16  3.023700E+00  0.000000E+00  0.000000E+00  0.000000E+00  2.519750E+00 *
                                                                 S
                                           *  1.000000E+00  0.000000E+00  0.000000E+00 *
                                           *  0.000000E+00  1.000000E+00  0.000000E+00 *
                                           *  0.000000E+00  0.000000E+00  1.000000E+00 *
                               DIRECTION
                          MASS AXIS SYSTEM (S)     MASS              X-C.G.        Y-C.G.        Z-C.G.
                                  X            6.047400E+00      0.000000E+00  2.868544E-17  0.000000E+00
                                  Y            6.047400E+00      5.000000E-01  0.000000E+00  0.000000E+00
                                  Z            6.047400E+00      5.000000E-01  2.639061E-17  0.000000E+00
                                                                I(S)
                                           *  5.039500E-01 -1.561251E-16  0.000000E+00 *
                                           * -1.561251E-16  5.039500E-01  0.000000E+00 *
                                           *  0.000000E+00  0.000000E+00  1.007900E+00 *
                                                                I(Q)
                                           *  5.039500E-01                             *
                                           *                5.039500E-01               *
                                           *                              1.007900E+00 *
                                                                 Q
                                           *  1.000000E+00  0.000000E+00  0.000000E+00 *
                                           *  0.000000E+00  1.000000E+00  0.000000E+00 *
                                           *  0.000000E+00  0.000000E+00  1.000000E+00 *

1    MSC.NASTRAN JOB CREATED ON 09-NOV-20 AT 15:26:16                      NOVEMBER   9, 2020  MSC Nastran  3/11/18   PAGE     7
                                                                                                                                    
0                                                                                                                                   
1    MSC.NASTRAN JOB CREATED ON 09-NOV-20 AT 15:26:16                      NOVEMBER   9, 2020  MSC Nastran  3/11/18   PAGE     8
                                                                                                                                    
0                                                                                                                                   
0 RESULTANTS ABOUT ORIGIN OF SUPERELEMENT BASIC COORDINATE SYSTEM IN SUPERELEMENT BASIC SYSTEM COORDINATES.

0                                                  OLOAD    RESULTANT       
  SUBCASE/    LOAD
  DAREA ID    TYPE       T1            T2            T3            R1            R2            R3
0        1     FX    0.000000E+00     ----          ----          ----       0.000000E+00  0.000000E+00                             
               FY       ----       0.000000E+00     ----       0.000000E+00     ----       0.000000E+00                             
               FZ       ----          ----       0.000000E+00  0.000000E+00  0.000000E+00     ----                                  
               MX       ----          ----          ----       0.000000E+00     ----          ----                                  
               MY       ----          ----          ----          ----       0.000000E+00     ----                                  
               MZ       ----          ----          ----          ----          ----       0.000000E+00                             
             TOTALS  0.000000E+00  0.000000E+00  0.000000E+00  0.000000E+00  0.000000E+00  0.000000E+00
1    MSC.NASTRAN JOB CREATED ON 09-NOV-20 AT 15:26:16                      NOVEMBER   9, 2020  MSC Nastran  3/11/18   PAGE     9
                                                                                                                                    
0                                                                                                            SUBCASE 1              
0                                         G R I D   P O I N T   S I N G U L A R I T Y   T A B L E
0                             POINT    TYPE   FAILED      STIFFNESS       OLD USET           NEW USET
                               ID            DIRECTION      RATIO     EXCLUSIVE  UNION   EXCLUSIVE  UNION
                                1        G      1         0.00E+00          B        F         SB       S    *
                                1        G      2         0.00E+00          B        F         SB       S    *
                                1        G      6         0.00E+00          B        F         SB       S    *
                                2        G      1         0.00E+00          B        F         SB       S    *
                                2        G      2         0.00E+00          B        F         SB       S    *
                                2        G      6         0.00E+00          B        F         SB       S    *
                                3        G      1         0.00E+00          B        F         SB       S    *
                                3        G      2         0.00E+00          B        F         SB       S    *
                                3        G      6         0.00E+00          B        F         SB       S    *
                                4        G      1         0.00E+00          B        F         SB       S    *
                                4        G      2         0.00E+00          B        F         SB       S    *
                                4        G      6         0.00E+00          B        F         SB       S    *
                                5        G      1         0.00E+00          B        F         SB       S    *
                                5        G      2         0.00E+00          B        F         SB       S    *
                                5        G      6         0.00E+00          B        F         SB       S    *
                                6        G      1         0.00E+00          B        F         SB       S    *
                                6        G      2         0.00E+00          B        F         SB       S    *
                                6        G      6         0.00E+00          B        F         SB       S    *
                                7        G      1         0.00E+00          B        F         SB       S    *
                                7        G      2         0.00E+00          B        F         SB       S    *
                                7        G      6         0.00E+00          B        F         SB       S    *
                                8        G      1         0.00E+00          B        F         SB       S    *
                                8        G      2         0.00E+00          B        F         SB       S    *
                                8        G      6         0.00E+00          B        F         SB       S    *
                                9        G      1         0.00E+00          B        F         SB       S    *
                                9        G      2         0.00E+00          B        F         SB       S    *
                                9        G      6         0.00E+00          B        F         SB       S    *
                               10        G      1         0.00E+00          B        F         SB       S    *
                               10        G      2         0.00E+00          B        F         SB       S    *
                               10        G      6         0.00E+00          B        F         SB       S    *
                               11        G      1         0.00E+00          B        F         SB       S    *
                               11        G      2         0.00E+00          B        F         SB       S    *
                               11        G      6         0.00E+00          B        F         SB       S    *
                               12        G      1         0.00E+00          B        F         SB       S    *
                               12        G      2         0.00E+00          B        F         SB       S    *
                               12        G      6         0.00E+00          B        F         SB       S    *
                               13        G      1         0.00E+00          B        F         SB       S    *
                               13        G      2         0.00E+00          B        F         SB       S    *
                               13        G      6         0.00E+00          B        F         SB       S    *
                               14        G      1         0.00E+00          B        F         SB       S    *
                               14        G      2         0.00E+00          B        F         SB       S    *
                               14        G      6         0.00E+00          B        F         SB       S    *
                               15        G      1         0.00E+00          B        F         SB       S    *
                               15        G      2         0.00E+00          B        F         SB       S    *
                               15        G      6         0.00E+00          B        F         SB       S    *
                               16        G      1         0.00E+00          B        F         SB       S    *
                               16        G      2         0.00E+00          B        F         SB       S    *
                               16        G      6         0.00E+00          B        F         SB       S    *
                               17        G      1         0.00E+00          B        F         SB       S    *
                               17        G      2         0.00E+00          B        F         SB       S    *
1    MSC.NASTRAN JOB CREATED ON 09-NOV-20 AT 15:26:16                      NOVEMBER   9, 2020  MSC Nastran  3/11/18   PAGE    10
                                                                                                                                    
0                                                                                                            SUBCASE 1              
0                                         G R I D   P O I N T   S I N G U L A R I T Y   T A B L E
0                             POINT    TYPE   FAILED      STIFFNESS       OLD USET           NEW USET
                               ID            DIRECTION      RATIO     EXCLUSIVE  UNION   EXCLUSIVE  UNION
                               17        G      6         0.00E+00          B        F         SB       S    *
                               18        G      1         0.00E+00          B        F         SB       S    *
                               18        G      2         0.00E+00          B        F         SB       S    *
                               18        G      6         0.00E+00          B        F         SB       S    *
                               19        G      1         0.00E+00          B        F         SB       S    *
                               19        G      2         0.00E+00          B        F         SB       S    *
                               19        G      6         0.00E+00          B        F         SB       S    *
                               20        G      1         0.00E+00          B        F         SB       S    *
                               20        G      2         0.00E+00          B        F         SB       S    *
                               20        G      6         0.00E+00          B        F         SB       S    *
                               21        G      1         0.00E+00          B        F         SB       S    *
                               21        G      2         0.00E+00          B        F         SB       S    *
                               21        G      6         0.00E+00          B        F         SB       S    *
                               22        G      1         0.00E+00          B        F         SB       S    *
                               22        G      2         0.00E+00          B        F         SB       S    *
                               22        G      6         0.00E+00          B        F         SB       S    *
                               23        G      1         0.00E+00          B        F         SB       S    *
                               23        G      2         0.00E+00          B        F         SB       S    *
                               23        G      6         0.00E+00          B        F         SB       S    *
                               24        G      1         0.00E+00          B        F         SB       S    *
                               24        G      2         0.00E+00          B        F         SB       S    *
                               24        G      6         0.00E+00          B        F         SB       S    *
                               25        G      1         0.00E+00          B        F         SB       S    *
                               25        G      2         0.00E+00          B        F         SB       S    *
                               25        G      6         0.00E+00          B        F         SB       S    *
                               26        G      1         0.00E+00          B        F         SB       S    *
                               26        G      2         0.00E+00          B        F         SB       S    *
                               26        G      6         0.00E+00          B        F         SB       S    *
                               27        G      1         0.00E+00          B        F         SB       S    *
                               27        G      2         0.00E+00          B        F         SB       S    *
                               27        G      6         0.00E+00          B        F         SB       S    *
                               28        G      1         0.00E+00          B        F         SB       S    *
                               28        G      2         0.00E+00          B        F         SB       S    *
                               28        G      6         0.00E+00          B        F         SB       S    *
                               29        G      1         0.00E+00          B        F         SB       S    *
                               29        G      2         0.00E+00          B        F         SB       S    *
                               29        G      6         0.00E+00          B        F         SB       S    *
                               30        G      1         0.00E+00          B        F         SB       S    *
                               30        G      2         0.00E+00          B        F         SB       S    *
                               30        G      6         0.00E+00          B        F         SB       S    *
                               31        G      1         0.00E+00          B        F         SB       S    *
                               31        G      2         0.00E+00          B        F         SB       S    *
                               31        G      6         0.00E+00          B        F         SB       S    *
                               32        G      1         0.00E+00          B        F         SB       S    *
                               32        G      2         0.00E+00          B        F         SB       S    *
                               32        G      6         0.00E+00          B        F         SB       S    *
                               33        G      1         0.00E+00          B        F         SB       S    *
                               33        G      2         0.00E+00          B        F         SB       S    *
                               33        G      6         0.00E+00          B        F         SB       S    *
                               34        G      1         0.00E+00          B        F         SB       S    *
1    MSC.NASTRAN JOB CREATED ON 09-NOV-20 AT 15:26:16                      NOVEMBER   9, 2020  MSC Nastran  3/11/18   PAGE    11
                                                                                                                                    
0                                                                                                            SUBCASE 1              
0                                         G R I D   P O I N T   S I N G U L A R I T Y   T A B L E
0                             POINT    TYPE   FAILED      STIFFNESS       OLD USET           NEW USET
                               ID            DIRECTION      RATIO     EXCLUSIVE  UNION   EXCLUSIVE  UNION
                               34        G      2         0.00E+00          B        F         SB       S    *
                               34        G      6         0.00E+00          B        F         SB       S    *
                               35        G      1         0.00E+00          B        F         SB       S    *
                               35        G      2         0.00E+00          B        F         SB       S    *
                               35        G      6         0.00E+00          B        F         SB       S    *
                               36        G      1         0.00E+00          B        F         SB       S    *
                               36        G      2         0.00E+00          B        F         SB       S    *
                               36        G      6         0.00E+00          B        F         SB       S    *
                               37        G      1         0.00E+00          B        F         SB       S    *
                               37        G      2         0.00E+00          B        F         SB       S    *
                               37        G      6         0.00E+00          B        F         SB       S    *
                               38        G      1         0.00E+00          B        F         SB       S    *
                               38        G      2         0.00E+00          B        F         SB       S    *
                               38        G      6         0.00E+00          B        F         SB       S    *
                               39        G      1         0.00E+00          B        F         SB       S    *
                               39        G      2         0.00E+00          B        F         SB       S    *
                               39        G      6         0.00E+00          B        F         SB       S    *
                               40        G      1         0.00E+00          B        F         SB       S    *
                               40        G      2         0.00E+00          B        F         SB       S    *
                               40        G      6         0.00E+00          B        F         SB       S    *
                               41        G      1         0.00E+00          B        F         SB       S    *
                               41        G      2         0.00E+00          B        F         SB       S    *
                               41        G      6         0.00E+00          B        F         SB       S    *
                               42        G      1         0.00E+00          B        F         SB       S    *
                               42        G      2         0.00E+00          B        F         SB       S    *
                               42        G      6         0.00E+00          B        F         SB       S    *
                               43        G      1         0.00E+00          B        F         SB       S    *
                               43        G      2         0.00E+00          B        F         SB       S    *
                               43        G      6         0.00E+00          B        F         SB       S    *
                               44        G      1         0.00E+00          B        F         SB       S    *
                               44        G      2         0.00E+00          B        F         SB       S    *
                               44        G      6         0.00E+00          B        F         SB       S    *
                               45        G      1         0.00E+00          B        F         SB       S    *
                               45        G      2         0.00E+00          B        F         SB       S    *
                               45        G      6         0.00E+00          B        F         SB       S    *
                               46        G      1         0.00E+00          B        F         SB       S    *
                               46        G      2         0.00E+00          B        F         SB       S    *
                               46        G      6         0.00E+00          B        F         SB       S    *
                               47        G      1         0.00E+00          B        F         SB       S    *
                               47        G      2         0.00E+00          B        F         SB       S    *
                               47        G      6         0.00E+00          B        F         SB       S    *
                               48        G      1         0.00E+00          B        F         SB       S    *
                               48        G      2         0.00E+00          B        F         SB       S    *
                               48        G      6         0.00E+00          B        F         SB       S    *
                               49        G      1         0.00E+00          B        F         SB       S    *
                               49        G      2         0.00E+00          B        F         SB       S    *
                               49        G      6         0.00E+00          B        F         SB       S    *
                               50        G      1         0.00E+00          B        F         SB       S    *
                               50        G      2         0.00E+00          B        F         SB       S    *
                               50        G      6         0.00E+00          B        F         SB       S    *
1    MSC.NASTRAN JOB CREATED ON 09-NOV-20 AT 15:26:16                      NOVEMBER   9, 2020  MSC Nastran  3/11/18   PAGE    12
                                                                                                                                    
0                                                                                                            SUBCASE 1              
0                                         G R I D   P O I N T   S I N G U L A R I T Y   T A B L E
0                             POINT    TYPE   FAILED      STIFFNESS       OLD USET           NEW USET
                               ID            DIRECTION      RATIO     EXCLUSIVE  UNION   EXCLUSIVE  UNION
                               51        G      1         0.00E+00          B        F         SB       S    *
                               51        G      2         0.00E+00          B        F         SB       S    *
                               51        G      6         0.00E+00          B        F         SB       S    *
                               52        G      1         0.00E+00          B        F         SB       S    *
                               52        G      2         0.00E+00          B        F         SB       S    *
                               52        G      6         0.00E+00          B        F         SB       S    *
                               53        G      1         0.00E+00          B        F         SB       S    *
                               53        G      2         0.00E+00          B        F         SB       S    *
                               53        G      6         0.00E+00          B        F         SB       S    *
                               54        G      1         0.00E+00          B        F         SB       S    *
                               54        G      2         0.00E+00          B        F         SB       S    *
                               54        G      6         0.00E+00          B        F         SB       S    *
                               55        G      1         0.00E+00          B        F         SB       S    *
                               55        G      2         0.00E+00          B        F         SB       S    *
                               55        G      6         0.00E+00          B        F         SB       S    *
                               57        G      1         0.00E+00          B        F         SB       S    *
                               57        G      2         0.00E+00          B        F         SB       S    *
                               57        G      6         0.00E+00          B        F         SB       S    *
                               58        G      1         0.00E+00          B        F         SB       S    *
                               58        G      2         0.00E+00          B        F         SB       S    *
                               58        G      6         0.00E+00          B        F         SB       S    *
                               59        G      1         0.00E+00          B        F         SB       S    *
                               59        G      2         0.00E+00          B        F         SB       S    *
                               59        G      6         0.00E+00          B        F         SB       S    *
                               60        G      1         0.00E+00          B        F         SB       S    *
                               60        G      2         0.00E+00          B        F         SB       S    *
                               60        G      6         0.00E+00          B        F         SB       S    *
                               61        G      1         0.00E+00          B        F         SB       S    *
                               61        G      2         0.00E+00          B        F         SB       S    *
                               61        G      6         0.00E+00          B        F         SB       S    *
                               62        G      1         0.00E+00          B        F         SB       S    *
                               62        G      2         0.00E+00          B        F         SB       S    *
                               62        G      6         0.00E+00          B        F         SB       S    *
                               63        G      1         0.00E+00          B        F         SB       S    *
                               63        G      2         0.00E+00          B        F         SB       S    *
                               63        G      6         0.00E+00          B        F         SB       S    *
                               64        G      1         0.00E+00          B        F         SB       S    *
                               64        G      2         0.00E+00          B        F         SB       S    *
                               64        G      6         0.00E+00          B        F         SB       S    *
                               65        G      1         0.00E+00          B        F         SB       S    *
                               65        G      2         0.00E+00          B        F         SB       S    *
                               65        G      6         0.00E+00          B        F         SB       S    *
                               66        G      1         0.00E+00          B        F         SB       S    *
                               66        G      2         0.00E+00          B        F         SB       S    *
                               66        G      6         0.00E+00          B        F         SB       S    *
                               67        G      1         0.00E+00          B        F         SB       S    *
                               67        G      2         0.00E+00          B        F         SB       S    *
                               67        G      6         0.00E+00          B        F         SB       S    *
                               68        G      1         0.00E+00          B        F         SB       S    *
                               68        G      2         0.00E+00          B        F         SB       S    *
1    MSC.NASTRAN JOB CREATED ON 09-NOV-20 AT 15:26:16                      NOVEMBER   9, 2020  MSC Nastran  3/11/18   PAGE    13
                                                                                                                                    
0                                                                                                            SUBCASE 1              
0                                         G R I D   P O I N T   S I N G U L A R I T Y   T A B L E
0                             POINT    TYPE   FAILED      STIFFNESS       OLD USET           NEW USET
                               ID            DIRECTION      RATIO     EXCLUSIVE  UNION   EXCLUSIVE  UNION
                               68        G      6         0.00E+00          B        F         SB       S    *
                               69        G      1         0.00E+00          B        F         SB       S    *
                               69        G      2         0.00E+00          B        F         SB       S    *
                               69        G      6         0.00E+00          B        F         SB       S    *
                               70        G      1         0.00E+00          B        F         SB       S    *
                               70        G      2         0.00E+00          B        F         SB       S    *
                               70        G      6         0.00E+00          B        F         SB       S    *
                               71        G      1         0.00E+00          B        F         SB       S    *
                               71        G      2         0.00E+00          B        F         SB       S    *
                               71        G      6         0.00E+00          B        F         SB       S    *
                               72        G      1         0.00E+00          B        F         SB       S    *
                               72        G      2         0.00E+00          B        F         SB       S    *
                               72        G      6         0.00E+00          B        F         SB       S    *
                               73        G      1         0.00E+00          B        F         SB       S    *
                               73        G      2         0.00E+00          B        F         SB       S    *
                               73        G      6         0.00E+00          B        F         SB       S    *
                               74        G      1         0.00E+00          B        F         SB       S    *
                               74        G      2         0.00E+00          B        F         SB       S    *
                               74        G      6         0.00E+00          B        F         SB       S    *
                               75        G      1         0.00E+00          B        F         SB       S    *
                               75        G      2         0.00E+00          B        F         SB       S    *
                               75        G      6         0.00E+00          B        F         SB       S    *
                               76        G      1         0.00E+00          B        F         SB       S    *
                               76        G      2         0.00E+00          B        F         SB       S    *
                               76        G      6         0.00E+00          B        F         SB       S    *
                               77        G      1         0.00E+00          B        F         SB       S    *
                               77        G      2         0.00E+00          B        F         SB       S    *
                               77        G      6         0.00E+00          B        F         SB       S    *
                               78        G      1         0.00E+00          B        F         SB       S    *
                               78        G      2         0.00E+00          B        F         SB       S    *
                               78        G      6         0.00E+00          B        F         SB       S    *
                               79        G      1         0.00E+00          B        F         SB       S    *
                               79        G      2         0.00E+00          B        F         SB       S    *
                               79        G      6         0.00E+00          B        F         SB       S    *
                               80        G      1         0.00E+00          B        F         SB       S    *
                               80        G      2         0.00E+00          B        F         SB       S    *
                               80        G      6         0.00E+00          B        F         SB       S    *
                               81        G      1         0.00E+00          B        F         SB       S    *
                               81        G      2         0.00E+00          B        F         SB       S    *
                               81        G      6         0.00E+00          B        F         SB       S    *
                               82        G      1         0.00E+00          B        F         SB       S    *
                               82        G      2         0.00E+00          B        F         SB       S    *
                               82        G      6         0.00E+00          B        F         SB       S    *
                               83        G      1         0.00E+00          B        F         SB       S    *
                               83        G      2         0.00E+00          B        F         SB       S    *
                               83        G      6         0.00E+00          B        F         SB       S    *
                               84        G      1         0.00E+00          B        F         SB       S    *
                               84        G      2         0.00E+00          B        F         SB       S    *
                               84        G      6         0.00E+00          B        F         SB       S    *
                               85        G      1         0.00E+00          B        F         SB       S    *
1    MSC.NASTRAN JOB CREATED ON 09-NOV-20 AT 15:26:16                      NOVEMBER   9, 2020  MSC Nastran  3/11/18   PAGE    14
                                                                                                                                    
0                                                                                                            SUBCASE 1              
0                                         G R I D   P O I N T   S I N G U L A R I T Y   T A B L E
0                             POINT    TYPE   FAILED      STIFFNESS       OLD USET           NEW USET
                               ID            DIRECTION      RATIO     EXCLUSIVE  UNION   EXCLUSIVE  UNION
                               85        G      2         0.00E+00          B        F         SB       S    *
                               85        G      6         0.00E+00          B        F         SB       S    *
                               86        G      1         0.00E+00          B        F         SB       S    *
                               86        G      2         0.00E+00          B        F         SB       S    *
                               86        G      6         0.00E+00          B        F         SB       S    *
                               87        G      1         0.00E+00          B        F         SB       S    *
                               87        G      2         0.00E+00          B        F         SB       S    *
                               87        G      6         0.00E+00          B        F         SB       S    *
                               88        G      1         0.00E+00          B        F         SB       S    *
                               88        G      2         0.00E+00          B        F         SB       S    *
                               88        G      6         0.00E+00          B        F         SB       S    *
                               89        G      1         0.00E+00          B        F         SB       S    *
                               89        G      2         0.00E+00          B        F         SB       S    *
                               89        G      6         0.00E+00          B        F         SB       S    *
                               90        G      1         0.00E+00          B        F         SB       S    *
                               90        G      2         0.00E+00          B        F         SB       S    *
                               90        G      6         0.00E+00          B        F         SB       S    *
                               91        G      1         0.00E+00          B        F         SB       S    *
                               91        G      2         0.00E+00          B        F         SB       S    *
                               91        G      6         0.00E+00          B        F         SB       S    *
                               92        G      1         0.00E+00          B        F         SB       S    *
                               92        G      2         0.00E+00          B        F         SB       S    *
                               92        G      6         0.00E+00          B        F         SB       S    *
                               93        G      1         0.00E+00          B        F         SB       S    *
                               93        G      2         0.00E+00          B        F         SB       S    *
                               93        G      6         0.00E+00          B        F         SB       S    *
                               94        G      1         0.00E+00          B        F         SB       S    *
                               94        G      2         0.00E+00          B        F         SB       S    *
                               94        G      6         0.00E+00          B        F         SB       S    *
                               95        G      1         0.00E+00          B        F         SB       S    *
                               95        G      2         0.00E+00          B        F         SB       S    *
                               95        G      6         0.00E+00          B        F         SB       S    *
                               96        G      1         0.00E+00          B        F         SB       S    *
                               96        G      2         0.00E+00          B        F         SB       S    *
                               96        G      6         0.00E+00          B        F         SB       S    *
                               97        G      1         0.00E+00          B        F         SB       S    *
                               97        G      2         0.00E+00          B        F         SB       S    *
                               97        G      6         0.00E+00          B        F         SB       S    *
                               98        G      1         0.00E+00          B        F         SB       S    *
                               98        G      2         0.00E+00          B        F         SB       S    *
                               98        G      6         0.00E+00          B        F         SB       S    *
                               99        G      1         0.00E+00          B        F         SB       S    *
                               99        G      2         0.00E+00          B        F         SB       S    *
                               99        G      6         0.00E+00          B        F         SB       S    *
                              100        G      1         0.00E+00          B        F         SB       S    *
                              100        G      2         0.00E+00          B        F         SB       S    *
                              100        G      6         0.00E+00          B        F         SB       S    *
                              101        G      1         0.00E+00          B        F         SB       S    *
                              101        G      2         0.00E+00          B        F         SB       S    *
                              101        G      6         0.00E+00          B        F         SB       S    *
1    MSC.NASTRAN JOB CREATED ON 09-NOV-20 AT 15:26:16                      NOVEMBER   9, 2020  MSC Nastran  3/11/18   PAGE    15
                                                                                                                                    
0                                                                                                            SUBCASE 1              
0                                         G R I D   P O I N T   S I N G U L A R I T Y   T A B L E
0                             POINT    TYPE   FAILED      STIFFNESS       OLD USET           NEW USET
                               ID            DIRECTION      RATIO     EXCLUSIVE  UNION   EXCLUSIVE  UNION
                              102        G      1         0.00E+00          B        F         SB       S    *
                              102        G      2         0.00E+00          B        F         SB       S    *
                              102        G      6         0.00E+00          B        F         SB       S    *
                              103        G      1         0.00E+00          B        F         SB       S    *
                              103        G      2         0.00E+00          B        F         SB       S    *
                              103        G      6         0.00E+00          B        F         SB       S    *
                              104        G      1         0.00E+00          B        F         SB       S    *
                              104        G      2         0.00E+00          B        F         SB       S    *
                              104        G      6         0.00E+00          B        F         SB       S    *
                              105        G      1         0.00E+00          B        F         SB       S    *
                              105        G      2         0.00E+00          B        F         SB       S    *
                              105        G      6         0.00E+00          B        F         SB       S    *
                              106        G      1         0.00E+00          B        F         SB       S    *
                              106        G      2         0.00E+00          B        F         SB       S    *
                              106        G      6         0.00E+00          B        F         SB       S    *
                              107        G      1         0.00E+00          B        F         SB       S    *
                              107        G      2         0.00E+00          B        F         SB       S    *
                              107        G      6         0.00E+00          B        F         SB       S    *
                              108        G      1         0.00E+00          B        F         SB       S    *
                              108        G      2         0.00E+00          B        F         SB       S    *
                              108        G      6         0.00E+00          B        F         SB       S    *
                              109        G      1         0.00E+00          B        F         SB       S    *
                              109        G      2         0.00E+00          B        F         SB       S    *
                              109        G      6         0.00E+00          B        F         SB       S    *
                              110        G      1         0.00E+00          B        F         SB       S    *
                              110        G      2         0.00E+00          B        F         SB       S    *
                              110        G      6         0.00E+00          B        F         SB       S    *
                              111        G      1         0.00E+00          B        F         SB       S    *
                              111        G      2         0.00E+00          B        F         SB       S    *
                              111        G      6         0.00E+00          B        F         SB       S    *
                              112        G      1         0.00E+00          B        F         SB       S    *
                              112        G      2         0.00E+00          B        F         SB       S    *
                              112        G      6         0.00E+00          B        F         SB       S    *
                              113        G      1         0.00E+00          B        F         SB       S    *
                              113        G      2         0.00E+00          B        F         SB       S    *
                              113        G      6         0.00E+00          B        F         SB       S    *
                              114        G      1         0.00E+00          B        F         SB       S    *
                              114        G      2         0.00E+00          B        F         SB       S    *
                              114        G      6         0.00E+00          B        F         SB       S    *
                              115        G      1         0.00E+00          B        F         SB       S    *
                              115        G      2         0.00E+00          B        F         SB       S    *
                              115        G      6         0.00E+00          B        F         SB       S    *
                              116        G      1         0.00E+00          B        F         SB       S    *
                              116        G      2         0.00E+00          B        F         SB       S    *
                              116        G      6         0.00E+00          B        F         SB       S    *
                              117        G      1         0.00E+00          B        F         SB       S    *
                              117        G      2         0.00E+00          B        F         SB       S    *
                              117        G      6         0.00E+00          B        F         SB       S    *
                              118        G      1         0.00E+00          B        F         SB       S    *
                              118        G      2         0.00E+00          B        F         SB       S    *
1    MSC.NASTRAN JOB CREATED ON 09-NOV-20 AT 15:26:16                      NOVEMBER   9, 2020  MSC Nastran  3/11/18   PAGE    16
                                                                                                                                    
0                                                                                                            SUBCASE 1              
0                                         G R I D   P O I N T   S I N G U L A R I T Y   T A B L E
0                             POINT    TYPE   FAILED      STIFFNESS       OLD USET           NEW USET
                               ID            DIRECTION      RATIO     EXCLUSIVE  UNION   EXCLUSIVE  UNION
                              118        G      6         0.00E+00          B        F         SB       S    *
                              119        G      1         0.00E+00          B        F         SB       S    *
                              119        G      2         0.00E+00          B        F         SB       S    *
                              119        G      6         0.00E+00          B        F         SB       S    *
                              120        G      1         0.00E+00          B        F         SB       S    *
                              120        G      2         0.00E+00          B        F         SB       S    *
                              120        G      6         0.00E+00          B        F         SB       S    *
                              121        G      1         0.00E+00          B        F         SB       S    *
                              121        G      2         0.00E+00          B        F         SB       S    *
                              121        G      6         0.00E+00          B        F         SB       S    *
 *** USER INFORMATION MESSAGE 5010 (LNCILS)
     STURM SEQUENCE DATA FOR EIGENVALUE EXTRACTION.
     TRIAL EIGENVALUE = 1.323398D+05, CYCLES = 5.789825D+01 THE STURM COUNT = 8
 *** USER INFORMATION MESSAGE 5010 (LNCILS)
     STURM SEQUENCE DATA FOR EIGENVALUE EXTRACTION.
     TRIAL EIGENVALUE = 9.998266D+05, CYCLES = 1.591411D+02 THE STURM COUNT = 20

 TABLE OF SHIFTS:  (LNNRIGL)
 SHIFT #        SHIFT VALUE         FREQUENCY, CYCLES     # EIGENVALUES BELOW    # NEW EIGENVALUES FOUND
     1.        1.3233984E+05          5.7898250E+01                 8                       20
     2.        9.9982657E+05          1.5914114E+02                20                        0

1    MSC.NASTRAN JOB CREATED ON 09-NOV-20 AT 15:26:16                      NOVEMBER   9, 2020  MSC Nastran  3/11/18   PAGE    17
                                                                                                                                    
0                                                                                                            SUBCASE 1              
0


                          E I G E N V A L U E  A N A L Y S I S   S U M M A R Y   (READ MODULE) 



                                     BLOCK SIZE USED ......................     7

                                     NUMBER OF DECOMPOSITIONS .............     2

                                     NUMBER OF ROOTS FOUND ................    20

                                     NUMBER OF SOLVES REQUIRED ............     9

1    MSC.NASTRAN JOB CREATED ON 09-NOV-20 AT 15:26:16                      NOVEMBER   9, 2020  MSC Nastran  3/11/18   PAGE    18
                                                                                                                                    
0                                                                                                            SUBCASE 1              
 
                                              R E A L   E I G E N V A L U E S
   MODE    EXTRACTION      EIGENVALUE            RADIANS             CYCLES            GENERALIZED         GENERALIZED
    NO.       ORDER                                                                       MASS              STIFFNESS
        1         1        1.049481E+02        1.024442E+01        1.630450E+00        1.000000E+00        1.049481E+02
        2         2        3.003708E+02        1.733121E+01        2.758348E+00        1.000000E+00        3.003708E+02
        3         3        4.543228E+03        6.740347E+01        1.072760E+01        1.000000E+00        4.543228E+03
        4         4        5.813408E+03        7.624571E+01        1.213488E+01        1.000000E+00        5.813408E+03
        5         5        2.192318E+04        1.480648E+02        2.356524E+01        1.000000E+00        2.192318E+04
        6         6        2.555227E+04        1.598508E+02        2.544104E+01        1.000000E+00        2.555227E+04
        7         7        3.611669E+04        1.900439E+02        3.024643E+01        1.000000E+00        3.611669E+04
        8         8        8.289334E+04        2.879120E+02        4.582262E+01        1.000000E+00        8.289334E+04
        9         9        1.395676E+05        3.735874E+02        5.945829E+01        1.000000E+00        1.395676E+05
       10        10        1.448041E+05        3.805314E+02        6.056345E+01        1.000000E+00        1.448041E+05
       11        11        1.642111E+05        4.052297E+02        6.449431E+01        1.000000E+00        1.642111E+05
       12        12        2.378466E+05        4.876952E+02        7.761910E+01        1.000000E+00        2.378466E+05
       13        13        2.387157E+05        4.885854E+02        7.776079E+01        1.000000E+00        2.387157E+05
       14        14        3.792835E+05        6.158600E+02        9.801716E+01        1.000000E+00        3.792835E+05
       15        15        4.704770E+05        6.859132E+02        1.091665E+02        1.000000E+00        4.704770E+05
       16        16        5.640936E+05        7.510617E+02        1.195352E+02        1.000000E+00        5.640936E+05
       17        17        6.857977E+05        8.281290E+02        1.318008E+02        1.000000E+00        6.857977E+05
       18        18        6.878639E+05        8.293756E+02        1.319992E+02        1.000000E+00        6.878639E+05
       19        19        8.142224E+05        9.023427E+02        1.436123E+02        1.000000E+00        8.142224E+05
       20        20        8.575399E+05        9.260345E+02        1.473830E+02        1.000000E+00        8.575399E+05
1    MSC.NASTRAN JOB CREATED ON 09-NOV-20 AT 15:26:16                      NOVEMBER   9, 2020  MSC Nastran  3/11/18   PAGE    19
                                                                                                                                    
0                                                                                                            SUBCASE 1              

                                       M O D A L   E F F E C T I V E   M A S S   S U M M A R Y



                                                    TOTAL EFFECTIVE MASS FRACTION
                                      AT REFERENCE POINT         56   IN BASIC COORDINATE SYSTEM


                                                   T3                R1                R2
                                              9.908876E-01      9.999097E-01      9.999709E-01




                                                        EFFECTIVE MASS MATRIX   
                       ***                                                                                  ***
                       *   0.000000E+00  0.000000E+00  0.000000E+00  0.000000E+00  0.000000E+00  0.000000E+00 *
                       *   0.000000E+00  0.000000E+00  0.000000E+00  0.000000E+00  0.000000E+00  0.000000E+00 *
                       *   0.000000E+00  0.000000E+00  5.945687E+00 -6.649686E-09 -3.021054E+00  0.000000E+00 *
                       *   0.000000E+00  0.000000E+00 -6.649686E-09  5.039045E-01 -4.065889E-11  0.000000E+00 *
                       *   0.000000E+00  0.000000E+00 -3.021054E+00 -4.065889E-11  2.015741E+00  0.000000E+00 *
                       *   0.000000E+00  0.000000E+00  0.000000E+00  0.000000E+00  0.000000E+00  0.000000E+00 *
                       ***                                                                                  ***

                                                     A-SET RIGID BODY MASS MATRIX
                       ***                                                                                  ***
                       *   0.000000E+00  0.000000E+00  0.000000E+00  0.000000E+00  0.000000E+00  0.000000E+00 *
                       *   0.000000E+00  0.000000E+00  0.000000E+00  0.000000E+00  0.000000E+00  0.000000E+00 *
                       *   0.000000E+00  0.000000E+00  6.000365E+00 -1.007895E-08 -3.022692E+00  0.000000E+00 *
                       *   0.000000E+00  0.000000E+00 -1.007895E-08  5.039500E-01 -5.898060E-17  0.000000E+00 *
                       *   0.000000E+00  0.000000E+00 -3.022692E+00 -3.223223E-17  2.015800E+00  0.000000E+00 *
                       *   0.000000E+00  0.000000E+00  0.000000E+00  0.000000E+00  0.000000E+00  0.000000E+00 *
                       ***                                                                                  ***

1    MSC.NASTRAN JOB CREATED ON 09-NOV-20 AT 15:26:16                      NOVEMBER   9, 2020  MSC Nastran  3/11/18   PAGE    20
                                                                                                                                    
0                                                                                                            SUBCASE 1              

                                                    MODAL EFFECTIVE MASS FRACTION
                                                (FOR TRANSLATIONAL DEGREES OF FREEDOM)

    MODE    FREQUENCY                      T3                                  R1                                  R2
     NO.                        FRACTION            SUM             FRACTION            SUM             FRACTION            SUM

       1    1.630450E+00      6.678366E-01      6.678366E-01      8.560734E-14      8.560734E-14      9.897100E-01      9.897100E-01
       2    2.758348E+00      4.626492E-14      6.678366E-01      9.810632E-01      9.810632E-01      8.205953E-14      9.897100E-01
       3    1.072760E+01      2.391319E-01      9.069685E-01      7.841857E-18      9.810632E-01      9.335565E-03      9.990456E-01
       4    1.213488E+01      2.613330E-14      9.069685E-01      1.709316E-02      9.981564E-01      2.864953E-15      9.990456E-01
       5    2.356524E+01      3.323876E-02      9.402073E-01      3.223284E-17      9.981564E-01      3.769742E-04      9.994226E-01
       6    2.544104E+01      7.711074E-04      9.409784E-01      3.455499E-17      9.981564E-01      1.065800E-04      9.995292E-01
       7    3.024643E+01      4.691813E-17      9.409784E-01      1.096184E-03      9.992526E-01      5.869693E-17      9.995292E-01
       8    4.582262E+01      2.560418E-02      9.665826E-01      4.825326E-17      9.992526E-01      2.759174E-04      9.998051E-01
       9    5.945829E+01      2.380719E-17      9.665826E-01      2.378891E-05      9.992764E-01      6.578290E-19      9.998051E-01
      10    6.056345E+01      9.373084E-04      9.675199E-01      1.480380E-17      9.992764E-01      2.937704E-05      9.998345E-01
      11    6.449431E+01      7.807046E-17      9.675199E-01      3.989789E-04      9.996754E-01      1.333288E-17      9.998345E-01
      12    7.761910E+01      1.712009E-02      9.846399E-01      3.380017E-14      9.996754E-01      1.083042E-04      9.999428E-01
      13    7.776079E+01      7.277892E-12      9.846399E-01      7.991185E-05      9.997553E-01      4.575123E-14      9.999428E-01
      14    9.801716E+01      8.883925E-17      9.846399E-01      1.175854E-04      9.998729E-01      2.804779E-18      9.999428E-01
      15    1.091665E+02      2.725410E-03      9.873654E-01      2.750161E-19      9.998729E-01      4.324999E-06      9.999471E-01
      16    1.195352E+02      1.942945E-03      9.893083E-01      7.708836E-21      9.998729E-01      1.126917E-05      9.999584E-01
      17    1.318008E+02      2.709857E-15      9.893083E-01      1.444478E-06      9.998743E-01      2.114437E-16      9.999584E-01
      18    1.319992E+02      2.354342E-05      9.893318E-01      2.630353E-16      9.998743E-01      1.343495E-06      9.999597E-01
      19    1.436123E+02      8.065529E-18      9.893318E-01      3.542638E-05      9.999097E-01      5.456767E-18      9.999597E-01
      20    1.473830E+02      1.555789E-03      9.908876E-01      1.479547E-17      9.999097E-01      1.121405E-05      9.999709E-01

1    MSC.NASTRAN JOB CREATED ON 09-NOV-20 AT 15:26:16                      NOVEMBER   9, 2020  MSC Nastran  3/11/18   PAGE    21
                                                                                                                                    
0                                                                                                            SUBCASE 1              

                                                     MODAL PARTICIPATION FACTORS

    MODE     FREQUENCY               T1                T2                T3                R1                R2                R3
     NO.

       1    1.630450E+00      0.000000E+00      0.000000E+00     -2.001815E+00      2.077061E-07      1.412465E+00      0.000000E+00
       2    2.758348E+00      0.000000E+00      0.000000E+00      5.268837E-07      7.031407E-01     -4.067132E-07      0.000000E+00
       3    1.072760E+01      0.000000E+00      0.000000E+00      1.197864E+00     -1.987940E-09     -1.371810E-01      0.000000E+00
       4    1.213488E+01      0.000000E+00      0.000000E+00     -3.959916E-07     -9.281218E-02      7.599456E-08      0.000000E+00
       5    2.356524E+01      0.000000E+00      0.000000E+00     -4.465923E-01     -4.030352E-09      2.756637E-02      0.000000E+00
       6    2.544104E+01      0.000000E+00      0.000000E+00     -6.802151E-02     -4.173007E-09      1.465756E-02      0.000000E+00
       7    3.024643E+01      0.000000E+00      0.000000E+00     -1.677873E-08     -2.350366E-02      1.087756E-08      0.000000E+00
       8    4.582262E+01      0.000000E+00      0.000000E+00     -3.919623E-01     -4.931250E-09      2.358377E-02      0.000000E+00
       9    5.945829E+01      0.000000E+00      0.000000E+00     -1.195206E-08      3.462430E-03     -1.151543E-09      0.000000E+00
      10    6.056345E+01      0.000000E+00      0.000000E+00      7.499461E-02      2.731369E-09     -7.695339E-03      0.000000E+00
      11    6.449431E+01      0.000000E+00      0.000000E+00     -2.164374E-08     -1.417975E-02      5.184248E-09      0.000000E+00
      12    7.761910E+01      0.000000E+00      0.000000E+00     -3.205102E-01     -1.305128E-07      1.477564E-02      0.000000E+00
      13    7.776079E+01      0.000000E+00      0.000000E+00      6.608329E-06     -6.345989E-03     -3.036862E-07      0.000000E+00
      14    9.801716E+01      0.000000E+00      0.000000E+00      2.308826E-08     -7.697866E-03      2.377788E-09      0.000000E+00
      15    1.091665E+02      0.000000E+00      0.000000E+00     -1.278806E-01      3.722826E-10      2.952682E-03      0.000000E+00
      16    1.195352E+02      0.000000E+00      0.000000E+00      1.079740E-01      6.232871E-11     -4.766171E-03      0.000000E+00
      17    1.318008E+02      0.000000E+00      0.000000E+00      1.275152E-07      8.531969E-04     -2.064529E-08      0.000000E+00
      18    1.319992E+02      0.000000E+00      0.000000E+00     -1.188567E-02      1.151332E-08      1.645666E-03      0.000000E+00
      19    1.436123E+02      0.000000E+00      0.000000E+00     -6.956732E-09     -4.225296E-03      3.316587E-09      0.000000E+00
      20    1.473830E+02      0.000000E+00      0.000000E+00     -9.661937E-02      2.730601E-09      4.754501E-03      0.000000E+00

                  TOTAL       0.000000E+00      0.000000E+00     -2.084447E+00      5.586916E-01      1.352758E+00      0.000000E+00


1    MSC.NASTRAN JOB CREATED ON 09-NOV-20 AT 15:26:16                      NOVEMBER   9, 2020  MSC Nastran  3/11/18   PAGE    22
                                                                                                                                    
0                                                                                                            SUBCASE 1              

                                                         MODAL EFFECTIVE MASS   

    MODE     FREQUENCY               T1                T2                T3                R1                R2                R3
     NO.

       1    1.630450E+00      0.000000E+00      0.000000E+00      4.007263E+00      4.314182E-14      1.995058E+00      0.000000E+00
       2    2.758348E+00      0.000000E+00      0.000000E+00      2.776064E-13      4.944068E-01      1.654156E-13      0.000000E+00
       3    1.072760E+01      0.000000E+00      0.000000E+00      1.434879E+00      3.951904E-18      1.881863E-02      0.000000E+00
       4    1.213488E+01      0.000000E+00      0.000000E+00      1.568094E-13      8.614100E-03      5.775173E-15      0.000000E+00
       5    2.356524E+01      0.000000E+00      0.000000E+00      1.994447E-01      1.624374E-17      7.599046E-04      0.000000E+00
       6    2.544104E+01      0.000000E+00      0.000000E+00      4.626926E-03      1.741399E-17      2.148440E-04      0.000000E+00
       7    3.024643E+01      0.000000E+00      0.000000E+00      2.815259E-16      5.524221E-04      1.183213E-16      0.000000E+00
       8    4.582262E+01      0.000000E+00      0.000000E+00      1.536344E-01      2.431723E-17      5.561942E-04      0.000000E+00
       9    5.945829E+01      0.000000E+00      0.000000E+00      1.428518E-16      1.198842E-05      1.326052E-18      0.000000E+00
      10    6.056345E+01      0.000000E+00      0.000000E+00      5.624192E-03      7.460377E-18      5.921824E-05      0.000000E+00
      11    6.449431E+01      0.000000E+00      0.000000E+00      4.684513E-16      2.010654E-04      2.687642E-17      0.000000E+00
      12    7.761910E+01      0.000000E+00      0.000000E+00      1.027268E-01      1.703359E-14      2.183196E-04      0.000000E+00
      13    7.776079E+01      0.000000E+00      0.000000E+00      4.367001E-11      4.027158E-05      9.222533E-14      0.000000E+00
      14    9.801716E+01      0.000000E+00      0.000000E+00      5.330679E-16      5.925714E-05      5.653874E-18      0.000000E+00
      15    1.091665E+02      0.000000E+00      0.000000E+00      1.635346E-02      1.385944E-19      8.718333E-06      0.000000E+00
      16    1.195352E+02      0.000000E+00      0.000000E+00      1.165838E-02      3.884868E-21      2.271639E-05      0.000000E+00
      17    1.318008E+02      0.000000E+00      0.000000E+00      1.626013E-14      7.279449E-07      4.262282E-16      0.000000E+00
      18    1.319992E+02      0.000000E+00      0.000000E+00      1.412691E-04      1.325566E-16      2.708216E-06      0.000000E+00
      19    1.436123E+02      0.000000E+00      0.000000E+00      4.839612E-17      1.785313E-05      1.099975E-17      0.000000E+00
      20    1.473830E+02      0.000000E+00      0.000000E+00      9.335304E-03      7.456179E-18      2.260528E-05      0.000000E+00

                  TOTAL       0.000000E+00      0.000000E+00      5.945687E+00      5.039045E-01      2.015741E+00      0.000000E+00


1    MSC.NASTRAN JOB CREATED ON 09-NOV-20 AT 15:26:16                      NOVEMBER   9, 2020  MSC Nastran  3/11/18   PAGE    23
                                                                                                                                    
0                                                                                                            SUBCASE 1              

                                                        MODAL EFFECTIVE WEIGHT  

    MODE     FREQUENCY               T1                T2                T3                R1                R2                R3
     NO.

       1    1.630450E+00      0.000000E+00      0.000000E+00      4.007263E+00      4.314182E-14      1.995058E+00      0.000000E+00
       2    2.758348E+00      0.000000E+00      0.000000E+00      2.776064E-13      4.944068E-01      1.654156E-13      0.000000E+00
       3    1.072760E+01      0.000000E+00      0.000000E+00      1.434879E+00      3.951904E-18      1.881863E-02      0.000000E+00
       4    1.213488E+01      0.000000E+00      0.000000E+00      1.568094E-13      8.614100E-03      5.775173E-15      0.000000E+00
       5    2.356524E+01      0.000000E+00      0.000000E+00      1.994447E-01      1.624374E-17      7.599046E-04      0.000000E+00
       6    2.544104E+01      0.000000E+00      0.000000E+00      4.626926E-03      1.741399E-17      2.148440E-04      0.000000E+00
       7    3.024643E+01      0.000000E+00      0.000000E+00      2.815259E-16      5.524221E-04      1.183213E-16      0.000000E+00
       8    4.582262E+01      0.000000E+00      0.000000E+00      1.536344E-01      2.431723E-17      5.561942E-04      0.000000E+00
       9    5.945829E+01      0.000000E+00      0.000000E+00      1.428518E-16      1.198842E-05      1.326052E-18      0.000000E+00
      10    6.056345E+01      0.000000E+00      0.000000E+00      5.624192E-03      7.460377E-18      5.921824E-05      0.000000E+00
      11    6.449431E+01      0.000000E+00      0.000000E+00      4.684513E-16      2.010654E-04      2.687642E-17      0.000000E+00
      12    7.761910E+01      0.000000E+00      0.000000E+00      1.027268E-01      1.703359E-14      2.183196E-04      0.000000E+00
      13    7.776079E+01      0.000000E+00      0.000000E+00      4.367001E-11      4.027158E-05      9.222533E-14      0.000000E+00
      14    9.801716E+01      0.000000E+00      0.000000E+00      5.330679E-16      5.925714E-05      5.653874E-18      0.000000E+00
      15    1.091665E+02      0.000000E+00      0.000000E+00      1.635346E-02      1.385944E-19      8.718333E-06      0.000000E+00
      16    1.195352E+02      0.000000E+00      0.000000E+00      1.165838E-02      3.884868E-21      2.271639E-05      0.000000E+00
      17    1.318008E+02      0.000000E+00      0.000000E+00      1.626013E-14      7.279449E-07      4.262282E-16      0.000000E+00
      18    1.319992E+02      0.000000E+00      0.000000E+00      1.412691E-04      1.325566E-16      2.708216E-06      0.000000E+00
      19    1.436123E+02      0.000000E+00      0.000000E+00      4.839612E-17      1.785313E-05      1.099975E-17      0.000000E+00
      20    1.473830E+02      0.000000E+00      0.000000E+00      9.335304E-03      7.456179E-18      2.260528E-05      0.000000E+00

                  TOTAL       0.000000E+00      0.000000E+00      5.945687E+00      5.039045E-01      2.015741E+00      0.000000E+00


1    MSC.NASTRAN JOB CREATED ON 09-NOV-20 AT 15:26:16                      NOVEMBER   9, 2020  MSC Nastran  3/11/18   PAGE    24
                                                                                                                                    
0                                                                                                            SUBCASE 1              
0                                                  MAXIMUM  DISPLACEMENTS   
  SUBCASE/
  DAREA ID        T1             T2             T3             R1             R2             R3
0        1   0.0000000E+00  0.0000000E+00  7.6242907E-01  3.2364491E-01  9.0514355E-01  0.0000000E+00
0        2   0.0000000E+00  0.0000000E+00  8.2608341E-01  1.6748929E+00  5.8387717E-01  0.0000000E+00
0        3   0.0000000E+00  0.0000000E+00  9.0449299E-01  2.3814483E+00  2.5745648E+00  0.0000000E+00
0        4   0.0000000E+00  0.0000000E+00  1.1832187E+00  2.7230099E+00  2.7674581E+00  0.0000000E+00
0        5   0.0000000E+00  0.0000000E+00  1.2236520E+00  5.4218619E+00  4.2467280E+00  0.0000000E+00
0        6   0.0000000E+00  0.0000000E+00  1.3451229E+00  3.5889978E+00  3.2819129E+00  0.0000000E+00
0        7   0.0000000E+00  0.0000000E+00  1.3575089E+00  3.9204813E+00  5.9651958E+00  0.0000000E+00
0        8   0.0000000E+00  0.0000000E+00  1.3690391E+00  6.3461643E+00  5.9248761E+00  0.0000000E+00
0        9   0.0000000E+00  0.0000000E+00  1.4580536E+00  1.1311330E+01  7.6322884E+00  0.0000000E+00
0       10   0.0000000E+00  0.0000000E+00  1.4020412E+00  3.9115152E+00  9.4094607E+00  0.0000000E+00
0       11   0.0000000E+00  0.0000000E+00  1.4219483E+00  1.0328531E+01  7.5922733E+00  0.0000000E+00
0       12   0.0000000E+00  0.0000000E+00  1.1869891E+00  1.0589808E+01  8.2706405E+00  0.0000000E+00
0       13   0.0000000E+00  0.0000000E+00  1.9112235E+00  9.7592618E+00  8.5812095E+00  0.0000000E+00
0       14   0.0000000E+00  0.0000000E+00  1.3889494E+00  1.2802877E+01  9.0375489E+00  0.0000000E+00
0       15   0.0000000E+00  0.0000000E+00  1.7151432E+00  1.8345625E+01  1.1236035E+01  0.0000000E+00
0       16   0.0000000E+00  0.0000000E+00  1.7412632E+00  1.3053473E+01  1.4878047E+01  0.0000000E+00
0       17   0.0000000E+00  0.0000000E+00  1.7459266E+00  8.4012393E+00  2.0107037E+01  0.0000000E+00
0       18   0.0000000E+00  0.0000000E+00  2.1463986E+00  1.8877020E+01  1.0944341E+01  0.0000000E+00
0       19   0.0000000E+00  0.0000000E+00  1.6137292E+00  1.3339907E+01  1.2159462E+01  0.0000000E+00
0       20   0.0000000E+00  0.0000000E+00  1.5712838E+00  1.7290476E+01  1.2647853E+01  0.0000000E+00
1    MSC.NASTRAN JOB CREATED ON 09-NOV-20 AT 15:26:16                      NOVEMBER   9, 2020  MSC Nastran  3/11/18   PAGE    25
     DEFAULT                                                                                                                        
0                                                                                                            SUBCASE 1              
      EIGENVALUE =  1.049481E+02
          CYCLES =  1.630450E+00         R E A L   E I G E N V E C T O R   N O .          1
 
      POINT ID.   TYPE          T1             T2             T3             R1             R2             R3
             1      G      0.0            0.0            8.328523E-02  -1.347943E-01   7.190994E-01   0.0
             2      G      0.0            0.0            1.059297E-02  -1.173784E-01   7.351834E-01   0.0
             3      G      0.0            0.0           -6.398886E-02  -1.211901E-01   7.560631E-01   0.0
             4      G      0.0            0.0           -1.413688E-01  -9.208622E-02   7.906062E-01   0.0
             5      G      0.0            0.0           -2.222662E-01  -9.435147E-02   8.260740E-01   0.0
             6      G      0.0            0.0           -3.063814E-01  -6.785636E-02   8.548970E-01   0.0
             7      G      0.0            0.0           -3.931630E-01  -6.519876E-02   8.794202E-01   0.0
             8      G      0.0            0.0           -4.818401E-01  -4.725631E-02   8.929953E-01   0.0
             9      G      0.0            0.0           -5.716269E-01  -4.285368E-02   9.018419E-01   0.0
            10      G      0.0            0.0           -6.619245E-01  -3.474752E-02   9.035406E-01   0.0
            11      G      0.0            0.0           -7.523682E-01  -3.381326E-02   9.051435E-01   0.0
            12      G      0.0            0.0            7.010498E-02  -1.289661E-01   7.204412E-01   0.0
            13      G      0.0            0.0           -1.516825E-03  -1.251474E-01   7.123563E-01   0.0
            14      G      0.0            0.0           -7.432450E-02  -8.571303E-02   7.436183E-01   0.0
            15      G      0.0            0.0           -1.504582E-01  -9.003100E-02   7.780271E-01   0.0
            16      G      0.0            0.0           -2.299606E-01  -5.961535E-02   8.110859E-01   0.0
            17      G      0.0            0.0           -3.129418E-01  -6.349631E-02   8.472197E-01   0.0
            18      G      0.0            0.0           -3.987065E-01  -4.562858E-02   8.670555E-01   0.0
            19      G      0.0            0.0           -4.864473E-01  -4.485079E-02   8.867225E-01   0.0
            20      G      0.0            0.0           -5.755312E-01  -3.509722E-02   8.942410E-01   0.0
            21      G      0.0            0.0           -6.653553E-01  -3.372616E-02   9.017340E-01   0.0
            22      G      0.0            0.0           -7.556011E-01  -3.069238E-02   9.030218E-01   0.0
            23      G      0.0            0.0            5.551816E-02  -1.626954E-01   6.647484E-01   0.0
            24      G      0.0            0.0           -1.253535E-02  -9.528346E-02   6.967297E-01   0.0
            25      G      0.0            0.0           -8.337258E-02  -9.610548E-02   7.189308E-01   0.0
            26      G      0.0            0.0           -1.572444E-01  -4.590863E-02   7.579118E-01   0.0
            27      G      0.0            0.0           -2.357267E-01  -5.641708E-02   8.101023E-01   0.0
            28      G      0.0            0.0           -3.179544E-01  -3.687495E-02   8.335801E-01   0.0
            29      G      0.0            0.0           -4.029906E-01  -4.035245E-02   8.658585E-01   0.0
            30      G      0.0            0.0           -4.902124E-01  -3.043584E-02   8.778089E-01   0.0
            31      G      0.0            0.0           -5.788091E-01  -3.050687E-02   8.933358E-01   0.0
            32      G      0.0            0.0           -6.683489E-01  -2.608121E-02   8.970585E-01   0.0
            33      G      0.0            0.0           -7.584318E-01  -2.587789E-02   9.044268E-01   0.0
            34      G      0.0            0.0            3.998520E-02  -1.471330E-01   6.601543E-01   0.0
            35      G      0.0            0.0           -2.439294E-02  -1.428169E-01   6.262301E-01   0.0
            36      G      0.0            0.0           -8.962803E-02  -2.910790E-02   6.779380E-01   0.0
            37      G      0.0            0.0           -1.619164E-01  -4.904154E-02   7.653366E-01   0.0
            38      G      0.0            0.0           -2.397305E-01  -2.392280E-02   7.901414E-01   0.0
            39      G      0.0            0.0           -3.213164E-01  -3.114196E-02   8.398844E-01   0.0
            40      G      0.0            0.0           -4.060879E-01  -2.168973E-02   8.547435E-01   0.0
            41      G      0.0            0.0           -4.928990E-01  -2.359125E-02   8.803869E-01   0.0
            42      G      0.0            0.0           -5.812897E-01  -1.910479E-02   8.868578E-01   0.0
            43      G      0.0            0.0           -6.706113E-01  -1.923058E-02   8.990693E-01   0.0
            44      G      0.0            0.0           -7.606130E-01  -1.776540E-02   9.008257E-01   0.0
            45      G      0.0            0.0            1.643006E-02  -3.236434E-01   4.562591E-01   0.0
            46      G      0.0            0.0           -3.191583E-02  -7.034727E-03   5.096587E-01   0.0
            47      G      0.0            0.0           -9.302007E-02  -4.164126E-02   7.074882E-01   0.0
            48      G      0.0            0.0           -1.648572E-01  -1.018378E-02   7.284316E-01   0.0
            49      G      0.0            0.0           -2.417858E-01  -1.865060E-02   8.076939E-01   0.0
            50      G      0.0            0.0           -3.234036E-01  -1.079273E-02   8.238406E-01   0.0
1    MSC.NASTRAN JOB CREATED ON 09-NOV-20 AT 15:26:16                      NOVEMBER   9, 2020  MSC Nastran  3/11/18   PAGE    26
     DEFAULT                                                                                                                        
0                                                                                                            SUBCASE 1              
      EIGENVALUE =  1.049481E+02
          CYCLES =  1.630450E+00         R E A L   E I G E N V E C T O R   N O .          1
 
      POINT ID.   TYPE          T1             T2             T3             R1             R2             R3
            51      G      0.0            0.0           -4.078102E-01  -1.336959E-02   8.628120E-01   0.0
            52      G      0.0            0.0           -4.945827E-01  -1.012783E-02   8.719542E-01   0.0
            53      G      0.0            0.0           -5.827691E-01  -1.070182E-02   8.909449E-01   0.0
            54      G      0.0            0.0           -6.720370E-01  -9.313669E-03   8.940497E-01   0.0
            55      G      0.0            0.0           -7.619647E-01  -9.335485E-03   9.043215E-01   0.0
            56      G      0.0            0.0            0.0            0.0            0.0            0.0
            57      G      0.0            0.0           -3.199723E-02   4.266601E-07   6.273958E-01   0.0
            58      G      0.0            0.0           -9.509407E-02   3.079658E-07   6.335490E-01   0.0
            59      G      0.0            0.0           -1.652565E-01   4.103064E-07   7.660344E-01   0.0
            60      G      0.0            0.0           -2.427147E-01   3.952779E-07   7.822726E-01   0.0
            61      G      0.0            0.0           -3.238990E-01   4.151564E-07   8.394585E-01   0.0
            62      G      0.0            0.0           -4.084796E-01   4.214555E-07   8.513777E-01   0.0
            63      G      0.0            0.0           -4.950720E-01   4.264489E-07   8.793132E-01   0.0
            64      G      0.0            0.0           -5.833050E-01   4.334947E-07   8.848038E-01   0.0
            65      G      0.0            0.0           -6.724972E-01   4.374685E-07   8.985210E-01   0.0
            66      G      0.0            0.0           -7.624291E-01   4.413292E-07   8.999798E-01   0.0
            67      G      0.0            0.0            1.643030E-02   3.236449E-01   4.562615E-01   0.0
            68      G      0.0            0.0           -3.191572E-02   7.036057E-03   5.096589E-01   0.0
            69      G      0.0            0.0           -9.301998E-02   4.164221E-02   7.074882E-01   0.0
            70      G      0.0            0.0           -1.648571E-01   1.018478E-02   7.284316E-01   0.0
            71      G      0.0            0.0           -2.417857E-01   1.865153E-02   8.076939E-01   0.0
            72      G      0.0            0.0           -3.234035E-01   1.079371E-02   8.238406E-01   0.0
            73      G      0.0            0.0           -4.078101E-01   1.337054E-02   8.628120E-01   0.0
            74      G      0.0            0.0           -4.945826E-01   1.012880E-02   8.719542E-01   0.0
            75      G      0.0            0.0           -5.827690E-01   1.070278E-02   8.909449E-01   0.0
            76      G      0.0            0.0           -6.720369E-01   9.314641E-03   8.940496E-01   0.0
            77      G      0.0            0.0           -7.619646E-01   9.336460E-03   9.043215E-01   0.0
            78      G      0.0            0.0            3.998533E-02   1.471340E-01   6.601543E-01   0.0
            79      G      0.0            0.0           -2.439280E-02   1.428176E-01   6.262299E-01   0.0
            80      G      0.0            0.0           -8.962788E-02   2.910871E-02   6.779379E-01   0.0
            81      G      0.0            0.0           -1.619163E-01   4.904235E-02   7.653366E-01   0.0
            82      G      0.0            0.0           -2.397303E-01   2.392362E-02   7.901413E-01   0.0
            83      G      0.0            0.0           -3.213162E-01   3.114279E-02   8.398844E-01   0.0
            84      G      0.0            0.0           -4.060877E-01   2.169057E-02   8.547434E-01   0.0
            85      G      0.0            0.0           -4.928989E-01   2.359210E-02   8.803869E-01   0.0
            86      G      0.0            0.0           -5.812895E-01   1.910566E-02   8.868578E-01   0.0
            87      G      0.0            0.0           -6.706111E-01   1.923145E-02   8.990693E-01   0.0
            88      G      0.0            0.0           -7.606128E-01   1.776628E-02   9.008257E-01   0.0
            89      G      0.0            0.0            5.551838E-02   1.626961E-01   6.647484E-01   0.0
            90      G      0.0            0.0           -1.253513E-02   9.528436E-02   6.967296E-01   0.0
            91      G      0.0            0.0           -8.337235E-02   9.610627E-02   7.189307E-01   0.0
            92      G      0.0            0.0           -1.572442E-01   4.590947E-02   7.579117E-01   0.0
            93      G      0.0            0.0           -2.357264E-01   5.641791E-02   8.101022E-01   0.0
            94      G      0.0            0.0           -3.179542E-01   3.687579E-02   8.335800E-01   0.0
            95      G      0.0            0.0           -4.029903E-01   4.035330E-02   8.658585E-01   0.0
            96      G      0.0            0.0           -4.902121E-01   3.043670E-02   8.778089E-01   0.0
            97      G      0.0            0.0           -5.788088E-01   3.050773E-02   8.933358E-01   0.0
            98      G      0.0            0.0           -6.683486E-01   2.608208E-02   8.970584E-01   0.0
            99      G      0.0            0.0           -7.584316E-01   2.587876E-02   9.044268E-01   0.0
           100      G      0.0            0.0            7.010528E-02   1.289670E-01   7.204411E-01   0.0
1    MSC.NASTRAN JOB CREATED ON 09-NOV-20 AT 15:26:16                      NOVEMBER   9, 2020  MSC Nastran  3/11/18   PAGE    27
     DEFAULT                                                                                                                        
0                                                                                                            SUBCASE 1              
      EIGENVALUE =  1.049481E+02
          CYCLES =  1.630450E+00         R E A L   E I G E N V E C T O R   N O .          1
 
      POINT ID.   TYPE          T1             T2             T3             R1             R2             R3
           101      G      0.0            0.0           -1.516516E-03   1.251482E-01   7.123562E-01   0.0
           102      G      0.0            0.0           -7.432419E-02   8.571389E-02   7.436182E-01   0.0
           103      G      0.0            0.0           -1.504579E-01   9.003182E-02   7.780270E-01   0.0
           104      G      0.0            0.0           -2.299603E-01   5.961619E-02   8.110858E-01   0.0
           105      G      0.0            0.0           -3.129414E-01   6.349716E-02   8.472197E-01   0.0
           106      G      0.0            0.0           -3.987062E-01   4.562943E-02   8.670554E-01   0.0
           107      G      0.0            0.0           -4.864470E-01   4.485165E-02   8.867224E-01   0.0
           108      G      0.0            0.0           -5.755309E-01   3.509809E-02   8.942410E-01   0.0
           109      G      0.0            0.0           -6.653550E-01   3.372704E-02   9.017339E-01   0.0
           110      G      0.0            0.0           -7.556007E-01   3.069326E-02   9.030217E-01   0.0
           111      G      0.0            0.0            8.328561E-02   1.347951E-01   7.190994E-01   0.0
           112      G      0.0            0.0            1.059336E-02   1.173793E-01   7.351833E-01   0.0
           113      G      0.0            0.0           -6.398846E-02   1.211909E-01   7.560630E-01   0.0
           114      G      0.0            0.0           -1.413684E-01   9.208707E-02   7.906061E-01   0.0
           115      G      0.0            0.0           -2.222658E-01   9.435230E-02   8.260739E-01   0.0
           116      G      0.0            0.0           -3.063809E-01   6.785722E-02   8.548969E-01   0.0
           117      G      0.0            0.0           -3.931626E-01   6.519962E-02   8.794201E-01   0.0
           118      G      0.0            0.0           -4.818397E-01   4.725718E-02   8.929952E-01   0.0
           119      G      0.0            0.0           -5.716265E-01   4.285455E-02   9.018419E-01   0.0
           120      G      0.0            0.0           -6.619241E-01   3.474839E-02   9.035405E-01   0.0
           121      G      0.0            0.0           -7.523677E-01   3.381413E-02   9.051435E-01   0.0
1    MSC.NASTRAN JOB CREATED ON 09-NOV-20 AT 15:26:16                      NOVEMBER   9, 2020  MSC Nastran  3/11/18   PAGE    28
     DEFAULT                                                                                                                        
0                                                                                                            SUBCASE 1              
      EIGENVALUE =  3.003708E+02
          CYCLES =  2.758348E+00         R E A L   E I G E N V E C T O R   N O .          2
 
      POINT ID.   TYPE          T1             T2             T3             R1             R2             R3
             1      G      0.0            0.0           -5.407699E-01   1.326423E+00   3.991778E-01   0.0
             2      G      0.0            0.0           -5.802801E-01   1.331815E+00   3.888539E-01   0.0
             3      G      0.0            0.0           -6.188493E-01   1.360135E+00   3.799051E-01   0.0
             4      G      0.0            0.0           -6.557828E-01   1.391473E+00   3.560439E-01   0.0
             5      G      0.0            0.0           -6.900661E-01   1.440519E+00   3.270511E-01   0.0
             6      G      0.0            0.0           -7.211351E-01   1.483729E+00   2.920463E-01   0.0
             7      G      0.0            0.0           -7.485720E-01   1.529435E+00   2.548104E-01   0.0
             8      G      0.0            0.0           -7.723259E-01   1.566222E+00   2.188502E-01   0.0
             9      G      0.0            0.0           -7.926601E-01   1.596105E+00   1.869536E-01   0.0
            10      G      0.0            0.0           -8.101920E-01   1.615074E+00   1.634098E-01   0.0
            11      G      0.0            0.0           -8.260829E-01   1.625027E+00   1.548558E-01   0.0
            12      G      0.0            0.0           -4.089004E-01   1.309578E+00   3.925248E-01   0.0
            13      G      0.0            0.0           -4.476948E-01   1.318606E+00   3.811180E-01   0.0
            14      G      0.0            0.0           -4.841762E-01   1.332208E+00   3.461026E-01   0.0
            15      G      0.0            0.0           -5.173630E-01   1.376141E+00   3.155294E-01   0.0
            16      G      0.0            0.0           -5.472747E-01   1.414770E+00   2.808029E-01   0.0
            17      G      0.0            0.0           -5.736322E-01   1.466078E+00   2.448684E-01   0.0
            18      G      0.0            0.0           -5.965851E-01   1.510239E+00   2.130187E-01   0.0
            19      G      0.0            0.0           -6.164437E-01   1.551507E+00   1.833627E-01   0.0
            20      G      0.0            0.0           -6.336304E-01   1.584658E+00   1.599552E-01   0.0
            21      G      0.0            0.0           -6.488869E-01   1.611221E+00   1.451986E-01   0.0
            22      G      0.0            0.0           -6.633132E-01   1.630465E+00   1.438437E-01   0.0
            23      G      0.0            0.0           -2.800481E-01   1.265008E+00   4.214777E-01   0.0
            24      G      0.0            0.0           -3.188646E-01   1.255682E+00   3.519279E-01   0.0
            25      G      0.0            0.0           -3.524986E-01   1.299639E+00   3.184543E-01   0.0
            26      G      0.0            0.0           -3.819931E-01   1.329732E+00   2.693309E-01   0.0
            27      G      0.0            0.0           -4.068437E-01   1.392856E+00   2.263727E-01   0.0
            28      G      0.0            0.0           -4.279934E-01   1.445885E+00   1.955282E-01   0.0
            29      G      0.0            0.0           -4.461290E-01   1.498274E+00   1.664732E-01   0.0
            30      G      0.0            0.0           -4.616924E-01   1.542976E+00   1.443244E-01   0.0
            31      G      0.0            0.0           -4.752688E-01   1.582042E+00   1.270305E-01   0.0
            32      G      0.0            0.0           -4.875319E-01   1.615217E+00   1.183540E-01   0.0
            33      G      0.0            0.0           -4.994744E-01   1.645294E+00   1.209524E-01   0.0
            34      G      0.0            0.0           -1.591547E-01   1.149029E+00   3.762964E-01   0.0
            35      G      0.0            0.0           -1.964314E-01   1.190054E+00   3.656027E-01   0.0
            36      G      0.0            0.0           -2.278340E-01   1.190830E+00   2.592468E-01   0.0
            37      G      0.0            0.0           -2.507914E-01   1.292691E+00   1.985838E-01   0.0
            38      G      0.0            0.0           -2.690382E-01   1.361887E+00   1.652283E-01   0.0
            39      G      0.0            0.0           -2.841210E-01   1.430536E+00   1.357884E-01   0.0
            40      G      0.0            0.0           -2.967485E-01   1.488368E+00   1.162831E-01   0.0
            41      G      0.0            0.0           -3.075522E-01   1.538897E+00   9.954698E-02   0.0
            42      G      0.0            0.0           -3.169739E-01   1.582825E+00   8.881230E-02   0.0
            43      G      0.0            0.0           -3.255919E-01   1.622311E+00   8.367176E-02   0.0
            44      G      0.0            0.0           -3.341043E-01   1.660297E+00   8.691008E-02   0.0
            45      G      0.0            0.0           -5.107974E-02   1.007573E+00   5.838753E-01   0.0
            46      G      0.0            0.0           -9.210507E-02   8.910566E-01   2.298203E-01   0.0
            47      G      0.0            0.0           -1.109872E-01   1.143844E+00   1.465697E-01   0.0
            48      G      0.0            0.0           -1.239278E-01   1.242849E+00   1.111704E-01   0.0
            49      G      0.0            0.0           -1.337753E-01   1.342209E+00   8.530393E-02   0.0
            50      G      0.0            0.0           -1.416290E-01   1.418185E+00   7.138675E-02   0.0
1    MSC.NASTRAN JOB CREATED ON 09-NOV-20 AT 15:26:16                      NOVEMBER   9, 2020  MSC Nastran  3/11/18   PAGE    29
     DEFAULT                                                                                                                        
0                                                                                                            SUBCASE 1              
      EIGENVALUE =  3.003708E+02
          CYCLES =  2.758348E+00         R E A L   E I G E N V E C T O R   N O .          2
 
      POINT ID.   TYPE          T1             T2             T3             R1             R2             R3
            51      G      0.0            0.0           -1.481700E-01   1.482128E+00   5.922697E-02   0.0
            52      G      0.0            0.0           -1.537032E-01   1.536912E+00   5.131340E-02   0.0
            53      G      0.0            0.0           -1.585474E-01   1.584374E+00   4.555028E-02   0.0
            54      G      0.0            0.0           -1.629921E-01   1.628006E+00   4.341478E-02   0.0
            55      G      0.0            0.0           -1.674209E-01   1.671024E+00   4.533694E-02   0.0
            56      G      0.0            0.0            0.0            0.0            0.0            0.0
            57      G      0.0            0.0            1.388041E-09   9.472386E-01  -1.886476E-08   0.0
            58      G      0.0            0.0            1.024495E-08   1.074038E+00  -1.532294E-07   0.0
            59      G      0.0            0.0            2.998206E-08   1.234787E+00  -2.375996E-07   0.0
            60      G      0.0            0.0            5.437031E-08   1.332474E+00  -2.492180E-07   0.0
            61      G      0.0            0.0            8.188493E-08   1.413560E+00  -2.991521E-07   0.0
            62      G      0.0            0.0            1.122495E-07   1.480300E+00  -3.074536E-07   0.0
            63      G      0.0            0.0            1.442760E-07   1.536026E+00  -3.319710E-07   0.0
            64      G      0.0            0.0            1.777800E-07   1.585209E+00  -3.376334E-07   0.0
            65      G      0.0            0.0            2.120884E-07   1.630073E+00  -3.479748E-07   0.0
            66      G      0.0            0.0            2.471683E-07   1.674893E+00  -3.535519E-07   0.0
            67      G      0.0            0.0            5.108054E-02   1.007579E+00  -5.838772E-01   0.0
            68      G      0.0            0.0            9.210606E-02   8.910577E-01  -2.298222E-01   0.0
            69      G      0.0            0.0            1.109884E-01   1.143845E+00  -1.465714E-01   0.0
            70      G      0.0            0.0            1.239291E-01   1.242849E+00  -1.111718E-01   0.0
            71      G      0.0            0.0            1.337767E-01   1.342209E+00  -8.530529E-02   0.0
            72      G      0.0            0.0            1.416306E-01   1.418185E+00  -7.138800E-02   0.0
            73      G      0.0            0.0            1.481717E-01   1.482128E+00  -5.922818E-02   0.0
            74      G      0.0            0.0            1.537050E-01   1.536912E+00  -5.131455E-02   0.0
            75      G      0.0            0.0            1.585493E-01   1.584374E+00  -4.555141E-02   0.0
            76      G      0.0            0.0            1.629941E-01   1.628006E+00  -4.341589E-02   0.0
            77      G      0.0            0.0            1.674231E-01   1.671023E+00  -4.533809E-02   0.0
            78      G      0.0            0.0            1.591547E-01   1.149029E+00  -3.762962E-01   0.0
            79      G      0.0            0.0            1.964314E-01   1.190054E+00  -3.656031E-01   0.0
            80      G      0.0            0.0            2.278341E-01   1.190830E+00  -2.592471E-01   0.0
            81      G      0.0            0.0            2.507915E-01   1.292691E+00  -1.985843E-01   0.0
            82      G      0.0            0.0            2.690383E-01   1.361887E+00  -1.652288E-01   0.0
            83      G      0.0            0.0            2.841211E-01   1.430536E+00  -1.357890E-01   0.0
            84      G      0.0            0.0            2.967487E-01   1.488368E+00  -1.162838E-01   0.0
            85      G      0.0            0.0            3.075525E-01   1.538897E+00  -9.954764E-02   0.0
            86      G      0.0            0.0            3.169743E-01   1.582825E+00  -8.881298E-02   0.0
            87      G      0.0            0.0            3.255923E-01   1.622311E+00  -8.367246E-02   0.0
            88      G      0.0            0.0            3.341048E-01   1.660297E+00  -8.691079E-02   0.0
            89      G      0.0            0.0            2.800480E-01   1.265008E+00  -4.214779E-01   0.0
            90      G      0.0            0.0            3.188646E-01   1.255682E+00  -3.519281E-01   0.0
            91      G      0.0            0.0            3.524986E-01   1.299639E+00  -3.184547E-01   0.0
            92      G      0.0            0.0            3.819931E-01   1.329731E+00  -2.693314E-01   0.0
            93      G      0.0            0.0            4.068438E-01   1.392856E+00  -2.263733E-01   0.0
            94      G      0.0            0.0            4.279935E-01   1.445885E+00  -1.955287E-01   0.0
            95      G      0.0            0.0            4.461292E-01   1.498274E+00  -1.664738E-01   0.0
            96      G      0.0            0.0            4.616927E-01   1.542976E+00  -1.443251E-01   0.0
            97      G      0.0            0.0            4.752691E-01   1.582042E+00  -1.270311E-01   0.0
            98      G      0.0            0.0            4.875323E-01   1.615217E+00  -1.183547E-01   0.0
            99      G      0.0            0.0            4.994749E-01   1.645294E+00  -1.209532E-01   0.0
           100      G      0.0            0.0            4.089003E-01   1.309578E+00  -3.925252E-01   0.0
1    MSC.NASTRAN JOB CREATED ON 09-NOV-20 AT 15:26:16                      NOVEMBER   9, 2020  MSC Nastran  3/11/18   PAGE    30
     DEFAULT                                                                                                                        
0                                                                                                            SUBCASE 1              
      EIGENVALUE =  3.003708E+02
          CYCLES =  2.758348E+00         R E A L   E I G E N V E C T O R   N O .          2
 
      POINT ID.   TYPE          T1             T2             T3             R1             R2             R3
           101      G      0.0            0.0            4.476948E-01   1.318606E+00  -3.811183E-01   0.0
           102      G      0.0            0.0            4.841762E-01   1.332208E+00  -3.461030E-01   0.0
           103      G      0.0            0.0            5.173631E-01   1.376141E+00  -3.155299E-01   0.0
           104      G      0.0            0.0            5.472748E-01   1.414770E+00  -2.808035E-01   0.0
           105      G      0.0            0.0            5.736323E-01   1.466078E+00  -2.448690E-01   0.0
           106      G      0.0            0.0            5.965853E-01   1.510239E+00  -2.130194E-01   0.0
           107      G      0.0            0.0            6.164440E-01   1.551507E+00  -1.833633E-01   0.0
           108      G      0.0            0.0            6.336307E-01   1.584658E+00  -1.599559E-01   0.0
           109      G      0.0            0.0            6.488874E-01   1.611221E+00  -1.451993E-01   0.0
           110      G      0.0            0.0            6.633137E-01   1.630465E+00  -1.438444E-01   0.0
           111      G      0.0            0.0            5.407698E-01   1.326423E+00  -3.991782E-01   0.0
           112      G      0.0            0.0            5.802800E-01   1.331815E+00  -3.888543E-01   0.0
           113      G      0.0            0.0            6.188493E-01   1.360134E+00  -3.799055E-01   0.0
           114      G      0.0            0.0            6.557828E-01   1.391472E+00  -3.560444E-01   0.0
           115      G      0.0            0.0            6.900662E-01   1.440519E+00  -3.270517E-01   0.0
           116      G      0.0            0.0            7.211352E-01   1.483729E+00  -2.920469E-01   0.0
           117      G      0.0            0.0            7.485722E-01   1.529435E+00  -2.548111E-01   0.0
           118      G      0.0            0.0            7.723261E-01   1.566222E+00  -2.188509E-01   0.0
           119      G      0.0            0.0            7.926604E-01   1.596105E+00  -1.869543E-01   0.0
           120      G      0.0            0.0            8.101924E-01   1.615074E+00  -1.634105E-01   0.0
           121      G      0.0            0.0            8.260834E-01   1.625027E+00  -1.548565E-01   0.0
1    MSC.NASTRAN JOB CREATED ON 09-NOV-20 AT 15:26:16                      NOVEMBER   9, 2020  MSC Nastran  3/11/18   PAGE    31
     DEFAULT                                                                                                                        
0                                                                                                            SUBCASE 1              
      EIGENVALUE =  4.543228E+03
          CYCLES =  1.072760E+01         R E A L   E I G E N V E C T O R   N O .          3
 
      POINT ID.   TYPE          T1             T2             T3             R1             R2             R3
             1      G      0.0            0.0            8.361737E-01  -2.366060E+00  -4.730690E-01   0.0
             2      G      0.0            0.0            8.801588E-01  -2.359512E+00  -3.889543E-01   0.0
             3      G      0.0            0.0            9.044930E-01  -2.239310E+00  -8.243306E-02   0.0
             4      G      0.0            0.0            8.926549E-01  -2.215155E+00   3.292451E-01   0.0
             5      G      0.0            0.0            8.357512E-01  -2.026329E+00   8.118065E-01   0.0
             6      G      0.0            0.0            7.289643E-01  -1.924083E+00   1.318869E+00   0.0
             7      G      0.0            0.0            5.740449E-01  -1.699558E+00   1.767642E+00   0.0
             8      G      0.0            0.0            3.781927E-01  -1.539042E+00   2.132816E+00   0.0
             9      G      0.0            0.0            1.525239E-01  -1.348842E+00   2.363027E+00   0.0
            10      G      0.0            0.0           -9.015056E-02  -1.241042E+00   2.476220E+00   0.0
            11      G      0.0            0.0           -3.396205E-01  -1.186867E+00   2.507198E+00   0.0
            12      G      0.0            0.0            5.984361E-01  -2.381448E+00  -6.320072E-01   0.0
            13      G      0.0            0.0            6.538432E-01  -2.160609E+00  -4.565954E-01   0.0
            14      G      0.0            0.0            6.874216E-01  -2.097429E+00  -1.981348E-01   0.0
            15      G      0.0            0.0            6.879668E-01  -1.873914E+00   2.005597E-01   0.0
            16      G      0.0            0.0            6.441893E-01  -1.801511E+00   6.798612E-01   0.0
            17      G      0.0            0.0            5.528888E-01  -1.593610E+00   1.144699E+00   0.0
            18      G      0.0            0.0            4.146107E-01  -1.485566E+00   1.611661E+00   0.0
            19      G      0.0            0.0            2.349375E-01  -1.321641E+00   1.968719E+00   0.0
            20      G      0.0            0.0            2.345029E-02  -1.227711E+00   2.246071E+00   0.0
            21      G      0.0            0.0           -2.097576E-01  -1.145430E+00   2.405947E+00   0.0
            22      G      0.0            0.0           -4.556598E-01  -1.128109E+00   2.506697E+00   0.0
            23      G      0.0            0.0            3.687187E-01  -2.187920E+00  -7.767942E-01   0.0
            24      G      0.0            0.0            4.430423E-01  -2.036292E+00  -6.876787E-01   0.0
            25      G      0.0            0.0            4.960009E-01  -1.712654E+00  -3.479339E-01   0.0
            26      G      0.0            0.0            5.105899E-01  -1.660789E+00   7.049699E-02   0.0
            27      G      0.0            0.0            4.827492E-01  -1.414400E+00   4.965943E-01   0.0
            28      G      0.0            0.0            4.063129E-01  -1.328801E+00   1.031169E+00   0.0
            29      G      0.0            0.0            2.813416E-01  -1.170570E+00   1.462446E+00   0.0
            30      G      0.0            0.0            1.138172E-01  -1.093039E+00   1.875898E+00   0.0
            31      G      0.0            0.0           -8.843536E-02  -1.001901E+00   2.156257E+00   0.0
            32      G      0.0            0.0           -3.157020E-01  -9.656394E-01   2.377635E+00   0.0
            33      G      0.0            0.0           -5.604069E-01  -9.586862E-01   2.511629E+00   0.0
            34      G      0.0            0.0            1.596590E-01  -1.956537E+00  -1.313522E+00   0.0
            35      G      0.0            0.0            2.686476E-01  -1.418001E+00  -8.325775E-01   0.0
            36      G      0.0            0.0            3.354898E-01  -1.474559E+00  -4.786949E-01   0.0
            37      G      0.0            0.0            3.693352E-01  -1.140896E+00  -1.732501E-01   0.0
            38      G      0.0            0.0            3.576208E-01  -1.073842E+00   4.162665E-01   0.0
            39      G      0.0            0.0            2.935033E-01  -9.133685E-01   8.701895E-01   0.0
            40      G      0.0            0.0            1.797648E-01  -8.513633E-01   1.398090E+00   0.0
            41      G      0.0            0.0            2.051897E-02  -7.633165E-01   1.777219E+00   0.0
            42      G      0.0            0.0           -1.751563E-01  -7.245642E-01   2.123358E+00   0.0
            43      G      0.0            0.0           -3.990187E-01  -6.925380E-01   2.343532E+00   0.0
            44      G      0.0            0.0           -6.437676E-01  -7.003128E-01   2.546850E+00   0.0
            45      G      0.0            0.0            3.094215E-02  -5.661153E-01  -1.327217E+00   0.0
            46      G      0.0            0.0            1.395086E-01  -1.127842E+00  -8.012232E-01   0.0
            47      G      0.0            0.0            2.247923E-01  -6.997633E-01  -8.564246E-01   0.0
            48      G      0.0            0.0            2.776271E-01  -6.726647E-01  -1.803975E-01   0.0
            49      G      0.0            0.0            2.761935E-01  -5.350312E-01   2.261034E-01   0.0
            50      G      0.0            0.0            2.224608E-01  -4.966327E-01   8.499235E-01   0.0
1    MSC.NASTRAN JOB CREATED ON 09-NOV-20 AT 15:26:16                      NOVEMBER   9, 2020  MSC Nastran  3/11/18   PAGE    32
     DEFAULT                                                                                                                        
0                                                                                                            SUBCASE 1              
      EIGENVALUE =  4.543228E+03
          CYCLES =  1.072760E+01         R E A L   E I G E N V E C T O R   N O .          3
 
      POINT ID.   TYPE          T1             T2             T3             R1             R2             R3
            51      G      0.0            0.0            1.150832E-01  -4.316820E-01   1.294778E+00   0.0
            52      G      0.0            0.0           -3.823131E-02  -4.047260E-01   1.760770E+00   0.0
            53      G      0.0            0.0           -2.304362E-01  -3.739798E-01   2.071979E+00   0.0
            54      G      0.0            0.0           -4.522115E-01  -3.653093E-01   2.352906E+00   0.0
            55      G      0.0            0.0           -6.975233E-01  -3.684727E-01   2.549195E+00   0.0
            56      G      0.0            0.0            0.0            0.0            0.0            0.0
            57      G      0.0            0.0            7.959852E-02  -7.887615E-07  -1.493490E+00   0.0
            58      G      0.0            0.0            1.883360E-01  -2.566020E-07  -6.487278E-01   0.0
            59      G      0.0            0.0            2.426430E-01  -3.684265E-07  -4.045631E-01   0.0
            60      G      0.0            0.0            2.488736E-01  -1.265906E-07   2.906995E-01   0.0
            61      G      0.0            0.0            1.970815E-01   1.234925E-08   7.516806E-01   0.0
            62      G      0.0            0.0            9.325669E-02   1.757810E-07   1.319224E+00   0.0
            63      G      0.0            0.0           -5.872178E-02   3.513680E-07   1.711816E+00   0.0
            64      G      0.0            0.0           -2.492781E-01   5.004142E-07   2.086879E+00   0.0
            65      G      0.0            0.0           -4.706303E-01   6.748976E-07   2.330328E+00   0.0
            66      G      0.0            0.0           -7.160871E-01   8.227945E-07   2.574565E+00   0.0
            67      G      0.0            0.0            3.094291E-02   5.661234E-01  -1.327222E+00   0.0
            68      G      0.0            0.0            1.395094E-01   1.127848E+00  -8.012210E-01   0.0
            69      G      0.0            0.0            2.247930E-01   6.997696E-01  -8.564236E-01   0.0
            70      G      0.0            0.0            2.776277E-01   6.726698E-01  -1.803966E-01   0.0
            71      G      0.0            0.0            2.761940E-01   5.350363E-01   2.261038E-01   0.0
            72      G      0.0            0.0            2.224613E-01   4.966373E-01   8.499239E-01   0.0
            73      G      0.0            0.0            1.150837E-01   4.316866E-01   1.294778E+00   0.0
            74      G      0.0            0.0           -3.823084E-02   4.047304E-01   1.760770E+00   0.0
            75      G      0.0            0.0           -2.304357E-01   3.739845E-01   2.071978E+00   0.0
            76      G      0.0            0.0           -4.522110E-01   3.653140E-01   2.352905E+00   0.0
            77      G      0.0            0.0           -6.975228E-01   3.684778E-01   2.549194E+00   0.0
            78      G      0.0            0.0            1.596587E-01   1.956535E+00  -1.313523E+00   0.0
            79      G      0.0            0.0            2.686474E-01   1.418000E+00  -8.325779E-01   0.0
            80      G      0.0            0.0            3.354896E-01   1.474558E+00  -4.786954E-01   0.0
            81      G      0.0            0.0            3.693350E-01   1.140896E+00  -1.732508E-01   0.0
            82      G      0.0            0.0            3.576207E-01   1.073842E+00   4.162660E-01   0.0
            83      G      0.0            0.0            2.935033E-01   9.133685E-01   8.701888E-01   0.0
            84      G      0.0            0.0            1.797649E-01   8.513636E-01   1.398090E+00   0.0
            85      G      0.0            0.0            2.051910E-02   7.633172E-01   1.777218E+00   0.0
            86      G      0.0            0.0           -1.751561E-01   7.245652E-01   2.123357E+00   0.0
            87      G      0.0            0.0           -3.990185E-01   6.925392E-01   2.343532E+00   0.0
            88      G      0.0            0.0           -6.437673E-01   7.003143E-01   2.546850E+00   0.0
            89      G      0.0            0.0            3.687182E-01   2.187919E+00  -7.767953E-01   0.0
            90      G      0.0            0.0            4.430420E-01   2.036290E+00  -6.876794E-01   0.0
            91      G      0.0            0.0            4.960006E-01   1.712653E+00  -3.479347E-01   0.0
            92      G      0.0            0.0            5.105897E-01   1.660788E+00   7.049608E-02   0.0
            93      G      0.0            0.0            4.827491E-01   1.414399E+00   4.965933E-01   0.0
            94      G      0.0            0.0            4.063129E-01   1.328801E+00   1.031168E+00   0.0
            95      G      0.0            0.0            2.813417E-01   1.170570E+00   1.462445E+00   0.0
            96      G      0.0            0.0            1.138173E-01   1.093039E+00   1.875897E+00   0.0
            97      G      0.0            0.0           -8.843508E-02   1.001902E+00   2.156256E+00   0.0
            98      G      0.0            0.0           -3.157016E-01   9.656405E-01   2.377634E+00   0.0
            99      G      0.0            0.0           -5.604064E-01   9.586876E-01   2.511628E+00   0.0
           100      G      0.0            0.0            5.984355E-01   2.381447E+00  -6.320082E-01   0.0
1    MSC.NASTRAN JOB CREATED ON 09-NOV-20 AT 15:26:16                      NOVEMBER   9, 2020  MSC Nastran  3/11/18   PAGE    33
     DEFAULT                                                                                                                        
0                                                                                                            SUBCASE 1              
      EIGENVALUE =  4.543228E+03
          CYCLES =  1.072760E+01         R E A L   E I G E N V E C T O R   N O .          3
 
      POINT ID.   TYPE          T1             T2             T3             R1             R2             R3
           101      G      0.0            0.0            6.538427E-01   2.160608E+00  -4.565965E-01   0.0
           102      G      0.0            0.0            6.874212E-01   2.097428E+00  -1.981359E-01   0.0
           103      G      0.0            0.0            6.879666E-01   1.873913E+00   2.005585E-01   0.0
           104      G      0.0            0.0            6.441892E-01   1.801511E+00   6.798600E-01   0.0
           105      G      0.0            0.0            5.528888E-01   1.593610E+00   1.144697E+00   0.0
           106      G      0.0            0.0            4.146108E-01   1.485567E+00   1.611660E+00   0.0
           107      G      0.0            0.0            2.349378E-01   1.321641E+00   1.968718E+00   0.0
           108      G      0.0            0.0            2.345067E-02   1.227712E+00   2.246070E+00   0.0
           109      G      0.0            0.0           -2.097571E-01   1.145431E+00   2.405946E+00   0.0
           110      G      0.0            0.0           -4.556592E-01   1.128110E+00   2.506696E+00   0.0
           111      G      0.0            0.0            8.361729E-01   2.366059E+00  -4.730703E-01   0.0
           112      G      0.0            0.0            8.801582E-01   2.359511E+00  -3.889555E-01   0.0
           113      G      0.0            0.0            9.044925E-01   2.239309E+00  -8.243444E-02   0.0
           114      G      0.0            0.0            8.926545E-01   2.215154E+00   3.292436E-01   0.0
           115      G      0.0            0.0            8.357510E-01   2.026329E+00   8.118049E-01   0.0
           116      G      0.0            0.0            7.289643E-01   1.924083E+00   1.318867E+00   0.0
           117      G      0.0            0.0            5.740450E-01   1.699559E+00   1.767640E+00   0.0
           118      G      0.0            0.0            3.781930E-01   1.539043E+00   2.132814E+00   0.0
           119      G      0.0            0.0            1.525244E-01   1.348843E+00   2.363025E+00   0.0
           120      G      0.0            0.0           -9.014996E-02   1.241043E+00   2.476219E+00   0.0
           121      G      0.0            0.0           -3.396198E-01   1.186868E+00   2.507197E+00   0.0
1    MSC.NASTRAN JOB CREATED ON 09-NOV-20 AT 15:26:16                      NOVEMBER   9, 2020  MSC Nastran  3/11/18   PAGE    34
     DEFAULT                                                                                                                        
0                                                                                                            SUBCASE 1              
      EIGENVALUE =  5.813408E+03
          CYCLES =  1.213488E+01         R E A L   E I G E N V E C T O R   N O .          4
 
      POINT ID.   TYPE          T1             T2             T3             R1             R2             R3
             1      G      0.0            0.0            1.183218E+00  -2.506605E+00   1.377897E+00   0.0
             2      G      0.0            0.0            1.038763E+00  -2.339625E+00   1.520687E+00   0.0
             3      G      0.0            0.0            8.704726E-01  -2.054527E+00   1.839650E+00   0.0
             4      G      0.0            0.0            6.670666E-01  -1.600308E+00   2.211130E+00   0.0
             5      G      0.0            0.0            4.291530E-01  -1.072554E+00   2.520887E+00   0.0
             6      G      0.0            0.0            1.656639E-01  -4.622403E-01   2.717121E+00   0.0
             7      G      0.0            0.0           -1.102432E-01   1.496965E-01   2.767457E+00   0.0
             8      G      0.0            0.0           -3.838576E-01   7.301581E-01   2.673532E+00   0.0
             9      G      0.0            0.0           -6.424864E-01   1.216275E+00   2.474228E+00   0.0
            10      G      0.0            0.0           -8.792625E-01   1.549290E+00   2.247382E+00   0.0
            11      G      0.0            0.0           -1.099262E+00   1.717012E+00   2.154739E+00   0.0
            12      G      0.0            0.0            9.293815E-01  -2.569525E+00   1.211591E+00   0.0
            13      G      0.0            0.0            8.079365E-01  -2.278178E+00   1.228482E+00   0.0
            14      G      0.0            0.0            6.736325E-01  -1.883641E+00   1.457449E+00   0.0
            15      G      0.0            0.0            5.140270E-01  -1.461638E+00   1.724699E+00   0.0
            16      G      0.0            0.0            3.285523E-01  -9.397252E-01   1.967988E+00   0.0
            17      G      0.0            0.0            1.223935E-01  -4.024392E-01   2.133739E+00   0.0
            18      G      0.0            0.0           -9.492418E-02   1.587203E-01   2.189761E+00   0.0
            19      G      0.0            0.0           -3.130518E-01   6.892716E-01   2.151457E+00   0.0
            20      G      0.0            0.0           -5.239179E-01   1.159471E+00   2.049330E+00   0.0
            21      G      0.0            0.0           -7.249610E-01   1.541545E+00   1.963194E+00   0.0
            22      G      0.0            0.0           -9.224906E-01   1.821854E+00   1.991004E+00   0.0
            23      G      0.0            0.0            6.637352E-01  -2.723009E+00   7.757162E-01   0.0
            24      G      0.0            0.0            5.818072E-01  -2.230386E+00   8.752117E-01   0.0
            25      G      0.0            0.0            4.872794E-01  -1.834043E+00   1.017844E+00   0.0
            26      G      0.0            0.0            3.736862E-01  -1.338120E+00   1.249526E+00   0.0
            27      G      0.0            0.0            2.378372E-01  -8.702962E-01   1.456303E+00   0.0
            28      G      0.0            0.0            8.507383E-02  -3.414072E-01   1.584640E+00   0.0
            29      G      0.0            0.0           -7.730000E-02   1.945017E-01   1.647049E+00   0.0
            30      G      0.0            0.0           -2.423262E-01   7.243582E-01   1.638827E+00   0.0
            31      G      0.0            0.0           -4.048533E-01   1.218984E+00   1.600457E+00   0.0
            32      G      0.0            0.0           -5.642228E-01   1.667473E+00   1.581639E+00   0.0
            33      G      0.0            0.0           -7.266864E-01   2.083118E+00   1.670987E+00   0.0
            34      G      0.0            0.0            3.913236E-01  -2.689876E+00   3.598311E-01   0.0
            35      G      0.0            0.0            3.583293E-01  -2.215039E+00   3.129256E-01   0.0
            36      G      0.0            0.0            3.130089E-01  -1.632980E+00   5.998820E-01   0.0
            37      G      0.0            0.0            2.423603E-01  -1.277071E+00   8.104142E-01   0.0
            38      G      0.0            0.0            1.539704E-01  -7.997671E-01   9.511481E-01   0.0
            39      G      0.0            0.0            5.310074E-02  -2.949897E-01   1.057022E+00   0.0
            40      G      0.0            0.0           -5.537907E-02   2.434260E-01   1.102589E+00   0.0
            41      G      0.0            0.0           -1.666226E-01   7.854870E-01   1.112834E+00   0.0
            42      G      0.0            0.0           -2.777353E-01   1.315129E+00   1.102250E+00   0.0
            43      G      0.0            0.0           -3.886874E-01   1.829735E+00   1.113502E+00   0.0
            44      G      0.0            0.0           -5.040806E-01   2.347428E+00   1.196853E+00   0.0
            45      G      0.0            0.0            1.290734E-01  -2.510181E+00  -8.050846E-01   0.0
            46      G      0.0            0.0            1.675181E-01  -1.565737E+00   5.546424E-02   0.0
            47      G      0.0            0.0            1.513540E-01  -1.579627E+00   2.702444E-01   0.0
            48      G      0.0            0.0            1.186384E-01  -1.183473E+00   3.839019E-01   0.0
            49      G      0.0            0.0            7.552189E-02  -7.614610E-01   4.752116E-01   0.0
            50      G      0.0            0.0            2.527739E-02  -2.584717E-01   5.253450E-01   0.0
1    MSC.NASTRAN JOB CREATED ON 09-NOV-20 AT 15:26:16                      NOVEMBER   9, 2020  MSC Nastran  3/11/18   PAGE    35
     DEFAULT                                                                                                                        
0                                                                                                            SUBCASE 1              
      EIGENVALUE =  5.813408E+03
          CYCLES =  1.213488E+01         R E A L   E I G E N V E C T O R   N O .          4
 
      POINT ID.   TYPE          T1             T2             T3             R1             R2             R3
            51      G      0.0            0.0           -2.901642E-02   2.819690E-01   5.555556E-01   0.0
            52      G      0.0            0.0           -8.515562E-02   8.371903E-01   5.626048E-01   0.0
            53      G      0.0            0.0           -1.416417E-01   1.394716E+00   5.635660E-01   0.0
            54      G      0.0            0.0           -1.986240E-01   1.952833E+00   5.744871E-01   0.0
            55      G      0.0            0.0           -2.585113E-01   2.535319E+00   6.245652E-01   0.0
            56      G      0.0            0.0            0.0            0.0            0.0            0.0
            57      G      0.0            0.0           -1.344645E-08  -1.751113E+00   2.162470E-07   0.0
            58      G      0.0            0.0           -3.456236E-08  -1.426420E+00   1.826196E-07   0.0
            59      G      0.0            0.0           -5.577486E-08  -1.176441E+00   2.215025E-07   0.0
            60      G      0.0            0.0           -6.429444E-08  -7.415974E-01  -5.656363E-08   0.0
            61      G      0.0            0.0           -5.454395E-08  -2.448540E-01  -1.442165E-07   0.0
            62      G      0.0            0.0           -2.839052E-08   2.955750E-01  -3.776445E-07   0.0
            63      G      0.0            0.0            1.453894E-08   8.578434E-01  -4.788191E-07   0.0
            64      G      0.0            0.0            7.134681E-08   1.424183E+00  -6.533514E-07   0.0
            65      G      0.0            0.0            1.392418E-07   1.998361E+00  -7.000604E-07   0.0
            66      G      0.0            0.0            2.182865E-07   2.602788E+00  -8.804522E-07   0.0
            67      G      0.0            0.0           -1.290754E-01  -2.510195E+00   8.050832E-01   0.0
            68      G      0.0            0.0           -1.675200E-01  -1.565740E+00  -5.546577E-02   0.0
            69      G      0.0            0.0           -1.513557E-01  -1.579628E+00  -2.702469E-01   0.0
            70      G      0.0            0.0           -1.186397E-01  -1.183474E+00  -3.839059E-01   0.0
            71      G      0.0            0.0           -7.552282E-02  -7.614617E-01  -4.752163E-01   0.0
            72      G      0.0            0.0           -2.527779E-02  -2.584723E-01  -5.253508E-01   0.0
            73      G      0.0            0.0            2.901662E-02   2.819684E-01  -5.555619E-01   0.0
            74      G      0.0            0.0            8.515647E-02   8.371896E-01  -5.626114E-01   0.0
            75      G      0.0            0.0            1.416433E-01   1.394716E+00  -5.635728E-01   0.0
            76      G      0.0            0.0            1.986262E-01   1.952832E+00  -5.744942E-01   0.0
            77      G      0.0            0.0            2.585142E-01   2.535317E+00  -6.245728E-01   0.0
            78      G      0.0            0.0           -3.913237E-01  -2.689877E+00  -3.598314E-01   0.0
            79      G      0.0            0.0           -3.583294E-01  -2.215040E+00  -3.129249E-01   0.0
            80      G      0.0            0.0           -3.130091E-01  -1.632981E+00  -5.998819E-01   0.0
            81      G      0.0            0.0           -2.423605E-01  -1.277072E+00  -8.104140E-01   0.0
            82      G      0.0            0.0           -1.539706E-01  -7.997680E-01  -9.511483E-01   0.0
            83      G      0.0            0.0           -5.310092E-02  -2.949904E-01  -1.057022E+00   0.0
            84      G      0.0            0.0            5.537895E-02   2.434253E-01  -1.102589E+00   0.0
            85      G      0.0            0.0            1.666225E-01   7.854864E-01  -1.112835E+00   0.0
            86      G      0.0            0.0            2.777353E-01   1.315128E+00  -1.102251E+00   0.0
            87      G      0.0            0.0            3.886876E-01   1.829734E+00  -1.113503E+00   0.0
            88      G      0.0            0.0            5.040810E-01   2.347427E+00  -1.196854E+00   0.0
            89      G      0.0            0.0           -6.637354E-01  -2.723010E+00  -7.757159E-01   0.0
            90      G      0.0            0.0           -5.818075E-01  -2.230387E+00  -8.752115E-01   0.0
            91      G      0.0            0.0           -4.872797E-01  -1.834044E+00  -1.017844E+00   0.0
            92      G      0.0            0.0           -3.736865E-01  -1.338121E+00  -1.249526E+00   0.0
            93      G      0.0            0.0           -2.378375E-01  -8.702972E-01  -1.456304E+00   0.0
            94      G      0.0            0.0           -8.507409E-02  -3.414082E-01  -1.584640E+00   0.0
            95      G      0.0            0.0            7.729980E-02   1.945008E-01  -1.647050E+00   0.0
            96      G      0.0            0.0            2.423261E-01   7.243574E-01  -1.638828E+00   0.0
            97      G      0.0            0.0            4.048533E-01   1.218983E+00  -1.600458E+00   0.0
            98      G      0.0            0.0            5.642230E-01   1.667472E+00  -1.581641E+00   0.0
            99      G      0.0            0.0            7.266867E-01   2.083117E+00  -1.670989E+00   0.0
           100      G      0.0            0.0           -9.293818E-01  -2.569527E+00  -1.211590E+00   0.0
1    MSC.NASTRAN JOB CREATED ON 09-NOV-20 AT 15:26:16                      NOVEMBER   9, 2020  MSC Nastran  3/11/18   PAGE    36
     DEFAULT                                                                                                                        
0                                                                                                            SUBCASE 1              
      EIGENVALUE =  5.813408E+03
          CYCLES =  1.213488E+01         R E A L   E I G E N V E C T O R   N O .          4
 
      POINT ID.   TYPE          T1             T2             T3             R1             R2             R3
           101      G      0.0            0.0           -8.079369E-01  -2.278180E+00  -1.228481E+00   0.0
           102      G      0.0            0.0           -6.736329E-01  -1.883643E+00  -1.457448E+00   0.0
           103      G      0.0            0.0           -5.140274E-01  -1.461640E+00  -1.724699E+00   0.0
           104      G      0.0            0.0           -3.285527E-01  -9.397266E-01  -1.967989E+00   0.0
           105      G      0.0            0.0           -1.223938E-01  -4.024403E-01  -2.133740E+00   0.0
           106      G      0.0            0.0            9.492388E-02   1.587192E-01  -2.189762E+00   0.0
           107      G      0.0            0.0            3.130516E-01   6.892706E-01  -2.151458E+00   0.0
           108      G      0.0            0.0            5.239179E-01   1.159470E+00  -2.049331E+00   0.0
           109      G      0.0            0.0            7.249610E-01   1.541544E+00  -1.963196E+00   0.0
           110      G      0.0            0.0            9.224908E-01   1.821853E+00  -1.991006E+00   0.0
           111      G      0.0            0.0           -1.183219E+00  -2.506606E+00  -1.377897E+00   0.0
           112      G      0.0            0.0           -1.038764E+00  -2.339626E+00  -1.520686E+00   0.0
           113      G      0.0            0.0           -8.704732E-01  -2.054528E+00  -1.839650E+00   0.0
           114      G      0.0            0.0           -6.670672E-01  -1.600309E+00  -2.211130E+00   0.0
           115      G      0.0            0.0           -4.291536E-01  -1.072555E+00  -2.520887E+00   0.0
           116      G      0.0            0.0           -1.656644E-01  -4.622417E-01  -2.717121E+00   0.0
           117      G      0.0            0.0            1.102428E-01   1.496953E-01  -2.767458E+00   0.0
           118      G      0.0            0.0            3.838573E-01   7.301569E-01  -2.673533E+00   0.0
           119      G      0.0            0.0            6.424863E-01   1.216274E+00  -2.474229E+00   0.0
           120      G      0.0            0.0            8.792625E-01   1.549289E+00  -2.247383E+00   0.0
           121      G      0.0            0.0            1.099263E+00   1.717011E+00  -2.154740E+00   0.0
1    MSC.NASTRAN JOB CREATED ON 09-NOV-20 AT 15:26:16                      NOVEMBER   9, 2020  MSC Nastran  3/11/18   PAGE    37
     DEFAULT                                                                                                                        
0                                                                                                            SUBCASE 1              
      EIGENVALUE =  2.192318E+04
          CYCLES =  2.356524E+01         R E A L   E I G E N V E C T O R   N O .          5
 
      POINT ID.   TYPE          T1             T2             T3             R1             R2             R3
             1      G      0.0            0.0           -1.223652E+00   2.453233E+00  -3.150678E+00   0.0
             2      G      0.0            0.0           -8.991027E-01   2.045479E+00  -3.356122E+00   0.0
             3      G      0.0            0.0           -5.375918E-01   1.142281E+00  -3.840795E+00   0.0
             4      G      0.0            0.0           -1.402082E-01   2.549321E-02  -4.043719E+00   0.0
             5      G      0.0            0.0            2.550163E-01  -1.331627E+00  -3.786546E+00   0.0
             6      G      0.0            0.0            6.009171E-01  -2.524428E+00  -3.063424E+00   0.0
             7      G      0.0            0.0            8.547906E-01  -3.624117E+00  -1.966121E+00   0.0
             8      G      0.0            0.0            9.903136E-01  -4.395145E+00  -7.232101E-01   0.0
             9      G      0.0            0.0            1.003521E+00  -4.943222E+00   4.546552E-01   0.0
            10      G      0.0            0.0            9.137188E-01  -5.234284E+00   1.321058E+00   0.0
            11      G      0.0            0.0            7.629341E-01  -5.421862E+00   1.672818E+00   0.0
            12      G      0.0            0.0           -9.654305E-01   2.712675E+00  -2.651299E+00   0.0
            13      G      0.0            0.0           -7.004141E-01   1.933839E+00  -2.671464E+00   0.0
            14      G      0.0            0.0           -4.249211E-01   1.117622E+00  -2.821285E+00   0.0
            15      G      0.0            0.0           -1.383741E-01   1.673996E-02  -2.869362E+00   0.0
            16      G      0.0            0.0            1.381902E-01  -9.984802E-01  -2.610911E+00   0.0
            17      G      0.0            0.0            3.694766E-01  -2.097474E+00  -1.970268E+00   0.0
            18      G      0.0            0.0            5.239084E-01  -2.983955E+00  -1.089516E+00   0.0
            19      G      0.0            0.0            5.812771E-01  -3.773102E+00  -5.195900E-02   0.0
            20      G      0.0            0.0            5.378556E-01  -4.353695E+00   9.062780E-01   0.0
            21      G      0.0            0.0            4.085210E-01  -4.849606E+00   1.654885E+00   0.0
            22      G      0.0            0.0            2.250086E-01  -5.312136E+00   1.993575E+00   0.0
            23      G      0.0            0.0           -6.746733E-01   3.057529E+00  -1.866761E+00   0.0
            24      G      0.0            0.0           -4.955988E-01   2.135248E+00  -1.743167E+00   0.0
            25      G      0.0            0.0           -3.148936E-01   1.066319E+00  -1.871151E+00   0.0
            26      G      0.0            0.0           -1.263634E-01   2.217992E-01  -1.874828E+00   0.0
            27      G      0.0            0.0            4.772545E-02  -8.022524E-01  -1.576833E+00   0.0
            28      G      0.0            0.0            1.818571E-01  -1.632114E+00  -1.076742E+00   0.0
            29      G      0.0            0.0            2.501534E-01  -2.457974E+00  -2.766151E-01   0.0
            30      G      0.0            0.0            2.347041E-01  -3.113766E+00   5.805129E-01   0.0
            31      G      0.0            0.0            1.321206E-01  -3.707572E+00   1.448580E+00   0.0
            32      G      0.0            0.0           -4.874205E-02  -4.233039E+00   2.140301E+00   0.0
            33      G      0.0            0.0           -2.895535E-01  -4.904361E+00   2.658500E+00   0.0
            34      G      0.0            0.0           -3.576440E-01   3.205525E+00  -4.943534E-01   0.0
            35      G      0.0            0.0           -2.940780E-01   1.838027E+00  -8.220033E-01   0.0
            36      G      0.0            0.0           -2.028794E-01   1.141973E+00  -1.014425E+00   0.0
            37      G      0.0            0.0           -1.052731E-01   1.826747E-01  -9.349713E-01   0.0
            38      G      0.0            0.0           -1.651062E-02  -4.763738E-01  -8.208273E-01   0.0
            39      G      0.0            0.0            3.985308E-02  -1.187636E+00  -2.939984E-01   0.0
            40      G      0.0            0.0            3.772898E-02  -1.752984E+00   3.393625E-01   0.0
            41      G      0.0            0.0           -3.791388E-02  -2.289455E+00   1.157726E+00   0.0
            42      G      0.0            0.0           -1.932608E-01  -2.738984E+00   1.921318E+00   0.0
            43      G      0.0            0.0           -4.245211E-01  -3.211242E+00   2.673438E+00   0.0
            44      G      0.0            0.0           -7.301049E-01  -3.821235E+00   3.426240E+00   0.0
            45      G      0.0            0.0           -9.916874E-02   1.857076E+00   6.137403E-01   0.0
            46      G      0.0            0.0           -1.250790E-01   1.468204E+00  -1.595142E-01   0.0
            47      G      0.0            0.0           -1.133939E-01   5.898648E-01  -1.163337E-01   0.0
            48      G      0.0            0.0           -8.510705E-02   1.974509E-01  -4.496497E-01   0.0
            49      G      0.0            0.0           -5.304292E-02  -2.625489E-01  -1.883756E-01   0.0
            50      G      0.0            0.0           -5.012975E-02  -5.993597E-01   1.374948E-01   0.0
1    MSC.NASTRAN JOB CREATED ON 09-NOV-20 AT 15:26:16                      NOVEMBER   9, 2020  MSC Nastran  3/11/18   PAGE    38
     DEFAULT                                                                                                                        
0                                                                                                            SUBCASE 1              
      EIGENVALUE =  2.192318E+04
          CYCLES =  2.356524E+01         R E A L   E I G E N V E C T O R   N O .          5
 
      POINT ID.   TYPE          T1             T2             T3             R1             R2             R3
            51      G      0.0            0.0           -9.790651E-02  -9.360100E-01   8.105077E-01   0.0
            52      G      0.0            0.0           -2.146624E-01  -1.208959E+00   1.504413E+00   0.0
            53      G      0.0            0.0           -4.060596E-01  -1.472310E+00   2.290608E+00   0.0
            54      G      0.0            0.0           -6.746379E-01  -1.737298E+00   3.050225E+00   0.0
            55      G      0.0            0.0           -1.029534E+00  -2.102791E+00   4.039667E+00   0.0
            56      G      0.0            0.0            0.0            0.0            0.0            0.0
            57      G      0.0            0.0           -4.589102E-02   7.803856E-08   7.929269E-01   0.0
            58      G      0.0            0.0           -8.117518E-02  -1.251606E-07  -1.169037E-01   0.0
            59      G      0.0            0.0           -7.331389E-02   1.281532E-08  -5.626994E-02   0.0
            60      G      0.0            0.0           -6.550468E-02  -3.306337E-08  -9.337077E-02   0.0
            61      G      0.0            0.0           -7.981157E-02  -3.270858E-09   3.791073E-01   0.0
            62      G      0.0            0.0           -1.449926E-01   2.944343E-08   9.172099E-01   0.0
            63      G      0.0            0.0           -2.756000E-01   6.938250E-08   1.670646E+00   0.0
            64      G      0.0            0.0           -4.804467E-01   8.866998E-08   2.393162E+00   0.0
            65      G      0.0            0.0           -7.624279E-01   2.062269E-07   3.214827E+00   0.0
            66      G      0.0            0.0           -1.135820E+00   9.312484E-08   4.246728E+00   0.0
            67      G      0.0            0.0           -9.917062E-02  -1.857093E+00   6.137368E-01   0.0
            68      G      0.0            0.0           -1.250803E-01  -1.468214E+00  -1.595217E-01   0.0
            69      G      0.0            0.0           -1.133945E-01  -5.898705E-01  -1.163386E-01   0.0
            70      G      0.0            0.0           -8.510726E-02  -1.974519E-01  -4.496542E-01   0.0
            71      G      0.0            0.0           -5.304271E-02   2.625512E-01  -1.883794E-01   0.0
            72      G      0.0            0.0           -5.012917E-02   5.993657E-01   1.374913E-01   0.0
            73      G      0.0            0.0           -9.790559E-02   9.360188E-01   8.105047E-01   0.0
            74      G      0.0            0.0           -2.146612E-01   1.208970E+00   1.504411E+00   0.0
            75      G      0.0            0.0           -4.060581E-01   1.472323E+00   2.290605E+00   0.0
            76      G      0.0            0.0           -6.746362E-01   1.737314E+00   3.050222E+00   0.0
            77      G      0.0            0.0           -1.029532E+00   2.102811E+00   4.039663E+00   0.0
            78      G      0.0            0.0           -3.576440E-01  -3.205525E+00  -4.943536E-01   0.0
            79      G      0.0            0.0           -2.940780E-01  -1.838027E+00  -8.220030E-01   0.0
            80      G      0.0            0.0           -2.028794E-01  -1.141973E+00  -1.014425E+00   0.0
            81      G      0.0            0.0           -1.052731E-01  -1.826747E-01  -9.349711E-01   0.0
            82      G      0.0            0.0           -1.651065E-02   4.763738E-01  -8.208275E-01   0.0
            83      G      0.0            0.0            3.985306E-02   1.187636E+00  -2.939983E-01   0.0
            84      G      0.0            0.0            3.772897E-02   1.752984E+00   3.393623E-01   0.0
            85      G      0.0            0.0           -3.791388E-02   2.289455E+00   1.157726E+00   0.0
            86      G      0.0            0.0           -1.932608E-01   2.738984E+00   1.921317E+00   0.0
            87      G      0.0            0.0           -4.245211E-01   3.211242E+00   2.673438E+00   0.0
            88      G      0.0            0.0           -7.301048E-01   3.821236E+00   3.426240E+00   0.0
            89      G      0.0            0.0           -6.746733E-01  -3.057529E+00  -1.866760E+00   0.0
            90      G      0.0            0.0           -4.955989E-01  -2.135248E+00  -1.743167E+00   0.0
            91      G      0.0            0.0           -3.148936E-01  -1.066319E+00  -1.871151E+00   0.0
            92      G      0.0            0.0           -1.263634E-01  -2.217992E-01  -1.874828E+00   0.0
            93      G      0.0            0.0            4.772543E-02   8.022524E-01  -1.576833E+00   0.0
            94      G      0.0            0.0            1.818571E-01   1.632114E+00  -1.076742E+00   0.0
            95      G      0.0            0.0            2.501534E-01   2.457975E+00  -2.766152E-01   0.0
            96      G      0.0            0.0            2.347041E-01   3.113766E+00   5.805127E-01   0.0
            97      G      0.0            0.0            1.321207E-01   3.707573E+00   1.448580E+00   0.0
            98      G      0.0            0.0           -4.874201E-02   4.233040E+00   2.140301E+00   0.0
            99      G      0.0            0.0           -2.895534E-01   4.904361E+00   2.658500E+00   0.0
           100      G      0.0            0.0           -9.654305E-01  -2.712675E+00  -2.651298E+00   0.0
1    MSC.NASTRAN JOB CREATED ON 09-NOV-20 AT 15:26:16                      NOVEMBER   9, 2020  MSC Nastran  3/11/18   PAGE    39
     DEFAULT                                                                                                                        
0                                                                                                            SUBCASE 1              
      EIGENVALUE =  2.192318E+04
          CYCLES =  2.356524E+01         R E A L   E I G E N V E C T O R   N O .          5
 
      POINT ID.   TYPE          T1             T2             T3             R1             R2             R3
           101      G      0.0            0.0           -7.004141E-01  -1.933839E+00  -2.671464E+00   0.0
           102      G      0.0            0.0           -4.249211E-01  -1.117622E+00  -2.821285E+00   0.0
           103      G      0.0            0.0           -1.383741E-01  -1.674003E-02  -2.869362E+00   0.0
           104      G      0.0            0.0            1.381902E-01   9.984802E-01  -2.610911E+00   0.0
           105      G      0.0            0.0            3.694766E-01   2.097474E+00  -1.970268E+00   0.0
           106      G      0.0            0.0            5.239084E-01   2.983955E+00  -1.089516E+00   0.0
           107      G      0.0            0.0            5.812771E-01   3.773102E+00  -5.195921E-02   0.0
           108      G      0.0            0.0            5.378557E-01   4.353696E+00   9.062778E-01   0.0
           109      G      0.0            0.0            4.085210E-01   4.849606E+00   1.654884E+00   0.0
           110      G      0.0            0.0            2.250087E-01   5.312136E+00   1.993575E+00   0.0
           111      G      0.0            0.0           -1.223652E+00  -2.453233E+00  -3.150678E+00   0.0
           112      G      0.0            0.0           -8.991027E-01  -2.045479E+00  -3.356122E+00   0.0
           113      G      0.0            0.0           -5.375919E-01  -1.142281E+00  -3.840795E+00   0.0
           114      G      0.0            0.0           -1.402082E-01  -2.549328E-02  -4.043719E+00   0.0
           115      G      0.0            0.0            2.550163E-01   1.331627E+00  -3.786546E+00   0.0
           116      G      0.0            0.0            6.009170E-01   2.524428E+00  -3.063424E+00   0.0
           117      G      0.0            0.0            8.547906E-01   3.624117E+00  -1.966121E+00   0.0
           118      G      0.0            0.0            9.903137E-01   4.395145E+00  -7.232104E-01   0.0
           119      G      0.0            0.0            1.003521E+00   4.943222E+00   4.546549E-01   0.0
           120      G      0.0            0.0            9.137189E-01   5.234285E+00   1.321058E+00   0.0
           121      G      0.0            0.0            7.629342E-01   5.421862E+00   1.672818E+00   0.0
1    MSC.NASTRAN JOB CREATED ON 09-NOV-20 AT 15:26:16                      NOVEMBER   9, 2020  MSC Nastran  3/11/18   PAGE    40
     DEFAULT                                                                                                                        
0                                                                                                            SUBCASE 1              
      EIGENVALUE =  2.555227E+04
          CYCLES =  2.544104E+01         R E A L   E I G E N V E C T O R   N O .          6
 
      POINT ID.   TYPE          T1             T2             T3             R1             R2             R3
             1      G      0.0            0.0            1.186258E+00  -2.966963E+00   3.005137E+00   0.0
             2      G      0.0            0.0            8.811071E-01  -2.689483E+00   3.074249E+00   0.0
             3      G      0.0            0.0            5.749884E-01  -2.290188E+00   2.981174E+00   0.0
             4      G      0.0            0.0            3.030124E-01  -1.753662E+00   2.381394E+00   0.0
             5      G      0.0            0.0            1.187186E-01  -1.441123E+00   1.246075E+00   0.0
             6      G      0.0            0.0            6.621964E-02  -1.331101E+00  -2.160444E-01   0.0
             7      G      0.0            0.0            1.609744E-01  -1.600380E+00  -1.653979E+00   0.0
             8      G      0.0            0.0            3.841717E-01  -2.086868E+00  -2.747424E+00   0.0
             9      G      0.0            0.0            6.892644E-01  -2.717318E+00  -3.275068E+00   0.0
            10      G      0.0            0.0            1.020460E+00  -3.227605E+00  -3.281912E+00   0.0
            11      G      0.0            0.0            1.345123E+00  -3.526380E+00  -3.190959E+00   0.0
            12      G      0.0            0.0            8.866707E-01  -3.004785E+00   2.785493E+00   0.0
            13      G      0.0            0.0            6.097965E-01  -2.717918E+00   2.728872E+00   0.0
            14      G      0.0            0.0            3.409522E-01  -2.368016E+00   2.587375E+00   0.0
            15      G      0.0            0.0            1.058655E-01  -2.162775E+00   2.043972E+00   0.0
            16      G      0.0            0.0           -5.277537E-02  -1.958154E+00   1.075996E+00   0.0
            17      G      0.0            0.0           -1.012233E-01  -1.985948E+00  -1.265527E-01   0.0
            18      G      0.0            0.0           -2.670711E-02  -2.122122E+00  -1.342575E+00   0.0
            19      G      0.0            0.0            1.565545E-01  -2.437630E+00  -2.268502E+00   0.0
            20      G      0.0            0.0            4.123111E-01  -2.797768E+00  -2.776843E+00   0.0
            21      G      0.0            0.0            6.983913E-01  -3.192830E+00  -2.885689E+00   0.0
            22      G      0.0            0.0            9.882248E-01  -3.588998E+00  -2.891948E+00   0.0
            23      G      0.0            0.0            5.828988E-01  -3.010268E+00   2.278878E+00   0.0
            24      G      0.0            0.0            3.452122E-01  -2.518886E+00   2.447963E+00   0.0
            25      G      0.0            0.0            1.028218E-01  -2.341962E+00   2.337421E+00   0.0
            26      G      0.0            0.0           -1.104192E-01  -2.107072E+00   1.860033E+00   0.0
            27      G      0.0            0.0           -2.580295E-01  -2.090425E+00   1.038919E+00   0.0
            28      G      0.0            0.0           -3.075045E-01  -2.080229E+00  -6.828351E-02   0.0
            29      G      0.0            0.0           -2.467394E-01  -2.218852E+00  -1.129148E+00   0.0
            30      G      0.0            0.0           -8.849846E-02  -2.402801E+00  -1.985082E+00   0.0
            31      G      0.0            0.0            1.355669E-01  -2.676262E+00  -2.431013E+00   0.0
            32      G      0.0            0.0            3.851865E-01  -3.007735E+00  -2.504192E+00   0.0
            33      G      0.0            0.0            6.292347E-01  -3.519160E+00  -2.354301E+00   0.0
            34      G      0.0            0.0            3.081068E-01  -2.416027E+00   1.864520E+00   0.0
            35      G      0.0            0.0            1.085777E-01  -2.154290E+00   2.089686E+00   0.0
            36      G      0.0            0.0           -1.054410E-01  -1.762793E+00   2.127895E+00   0.0
            37      G      0.0            0.0           -3.066109E-01  -1.758931E+00   1.823273E+00   0.0
            38      G      0.0            0.0           -4.499527E-01  -1.685572E+00   9.924127E-01   0.0
            39      G      0.0            0.0           -5.017577E-01  -1.742143E+00   2.201737E-02   0.0
            40      G      0.0            0.0           -4.513160E-01  -1.806816E+00  -1.013431E+00   0.0
            41      G      0.0            0.0           -3.094823E-01  -1.950018E+00  -1.775722E+00   0.0
            42      G      0.0            0.0           -1.082385E-01  -2.130071E+00  -2.185254E+00   0.0
            43      G      0.0            0.0            1.106823E-01  -2.408395E+00  -2.136120E+00   0.0
            44      G      0.0            0.0            3.056908E-01  -2.867840E+00  -1.736888E+00   0.0
            45      G      0.0            0.0            9.286056E-02  -1.841658E+00   1.155861E+00   0.0
            46      G      0.0            0.0           -5.181160E-02  -1.008597E+00   1.695724E+00   0.0
            47      G      0.0            0.0           -2.478022E-01  -1.047880E+00   2.148275E+00   0.0
            48      G      0.0            0.0           -4.440868E-01  -9.462923E-01   1.708858E+00   0.0
            49      G      0.0            0.0           -5.847917E-01  -9.680673E-01   1.049582E+00   0.0
            50      G      0.0            0.0           -6.397971E-01  -9.707887E-01   3.047095E-02   0.0
1    MSC.NASTRAN JOB CREATED ON 09-NOV-20 AT 15:26:16                      NOVEMBER   9, 2020  MSC Nastran  3/11/18   PAGE    41
     DEFAULT                                                                                                                        
0                                                                                                            SUBCASE 1              
      EIGENVALUE =  2.555227E+04
          CYCLES =  2.544104E+01         R E A L   E I G E N V E C T O R   N O .          6
 
      POINT ID.   TYPE          T1             T2             T3             R1             R2             R3
            51      G      0.0            0.0           -5.952446E-01  -1.023544E+00  -9.067898E-01   0.0
            52      G      0.0            0.0           -4.638596E-01  -1.086313E+00  -1.673497E+00   0.0
            53      G      0.0            0.0           -2.769121E-01  -1.190492E+00  -2.002972E+00   0.0
            54      G      0.0            0.0           -7.980514E-02  -1.344254E+00  -1.881186E+00   0.0
            55      G      0.0            0.0            7.815268E-02  -1.618179E+00  -1.247242E+00   0.0
            56      G      0.0            0.0            0.0            0.0            0.0            0.0
            57      G      0.0            0.0           -1.019287E-01   3.769126E-07   1.964440E+00   0.0
            58      G      0.0            0.0           -3.007451E-01  -4.755727E-08   1.945390E+00   0.0
            59      G      0.0            0.0           -4.918202E-01   1.028071E-07   1.800034E+00   0.0
            60      G      0.0            0.0           -6.339715E-01   3.453975E-09   9.911984E-01   0.0
            61      G      0.0            0.0           -6.890712E-01   3.273973E-08   8.763669E-02   0.0
            62      G      0.0            0.0           -6.473182E-01   3.931275E-08  -9.065094E-01   0.0
            63      G      0.0            0.0           -5.190679E-01   8.654451E-08  -1.612640E+00   0.0
            64      G      0.0            0.0           -3.374223E-01   1.057122E-07  -1.957270E+00   0.0
            65      G      0.0            0.0           -1.480622E-01   2.372239E-07  -1.772073E+00   0.0
            66      G      0.0            0.0           -3.954128E-03   1.337763E-07  -1.077857E+00   0.0
            67      G      0.0            0.0            9.286213E-02   1.841671E+00   1.155869E+00   0.0
            68      G      0.0            0.0           -5.181050E-02   1.008608E+00   1.695725E+00   0.0
            69      G      0.0            0.0           -2.478012E-01   1.047889E+00   2.148276E+00   0.0
            70      G      0.0            0.0           -4.440858E-01   9.463011E-01   1.708858E+00   0.0
            71      G      0.0            0.0           -5.847908E-01   9.680758E-01   1.049582E+00   0.0
            72      G      0.0            0.0           -6.397961E-01   9.707974E-01   3.047058E-02   0.0
            73      G      0.0            0.0           -5.952436E-01   1.023553E+00  -9.067903E-01   0.0
            74      G      0.0            0.0           -4.638585E-01   1.086323E+00  -1.673498E+00   0.0
            75      G      0.0            0.0           -2.769110E-01   1.190503E+00  -2.002973E+00   0.0
            76      G      0.0            0.0           -7.980379E-02   1.344267E+00  -1.881188E+00   0.0
            77      G      0.0            0.0            7.815429E-02   1.618194E+00  -1.247245E+00   0.0
            78      G      0.0            0.0            3.081069E-01   2.416028E+00   1.864521E+00   0.0
            79      G      0.0            0.0            1.085777E-01   2.154290E+00   2.089686E+00   0.0
            80      G      0.0            0.0           -1.054410E-01   1.762793E+00   2.127895E+00   0.0
            81      G      0.0            0.0           -3.066110E-01   1.758931E+00   1.823273E+00   0.0
            82      G      0.0            0.0           -4.499528E-01   1.685572E+00   9.924126E-01   0.0
            83      G      0.0            0.0           -5.017577E-01   1.742143E+00   2.201739E-02   0.0
            84      G      0.0            0.0           -4.513160E-01   1.806816E+00  -1.013431E+00   0.0
            85      G      0.0            0.0           -3.094823E-01   1.950018E+00  -1.775722E+00   0.0
            86      G      0.0            0.0           -1.082385E-01   2.130071E+00  -2.185254E+00   0.0
            87      G      0.0            0.0            1.106823E-01   2.408395E+00  -2.136120E+00   0.0
            88      G      0.0            0.0            3.056909E-01   2.867840E+00  -1.736888E+00   0.0
            89      G      0.0            0.0            5.828989E-01   3.010268E+00   2.278879E+00   0.0
            90      G      0.0            0.0            3.452122E-01   2.518886E+00   2.447964E+00   0.0
            91      G      0.0            0.0            1.028218E-01   2.341962E+00   2.337421E+00   0.0
            92      G      0.0            0.0           -1.104192E-01   2.107072E+00   1.860033E+00   0.0
            93      G      0.0            0.0           -2.580295E-01   2.090425E+00   1.038919E+00   0.0
            94      G      0.0            0.0           -3.075045E-01   2.080229E+00  -6.828359E-02   0.0
            95      G      0.0            0.0           -2.467395E-01   2.218852E+00  -1.129148E+00   0.0
            96      G      0.0            0.0           -8.849847E-02   2.402802E+00  -1.985082E+00   0.0
            97      G      0.0            0.0            1.355669E-01   2.676262E+00  -2.431013E+00   0.0
            98      G      0.0            0.0            3.851866E-01   3.007735E+00  -2.504192E+00   0.0
            99      G      0.0            0.0            6.292348E-01   3.519160E+00  -2.354301E+00   0.0
           100      G      0.0            0.0            8.866708E-01   3.004785E+00   2.785494E+00   0.0
1    MSC.NASTRAN JOB CREATED ON 09-NOV-20 AT 15:26:16                      NOVEMBER   9, 2020  MSC Nastran  3/11/18   PAGE    42
     DEFAULT                                                                                                                        
0                                                                                                            SUBCASE 1              
      EIGENVALUE =  2.555227E+04
          CYCLES =  2.544104E+01         R E A L   E I G E N V E C T O R   N O .          6
 
      POINT ID.   TYPE          T1             T2             T3             R1             R2             R3
           101      G      0.0            0.0            6.097966E-01   2.717918E+00   2.728873E+00   0.0
           102      G      0.0            0.0            3.409522E-01   2.368016E+00   2.587376E+00   0.0
           103      G      0.0            0.0            1.058655E-01   2.162775E+00   2.043972E+00   0.0
           104      G      0.0            0.0           -5.277542E-02   1.958154E+00   1.075996E+00   0.0
           105      G      0.0            0.0           -1.012233E-01   1.985948E+00  -1.265528E-01   0.0
           106      G      0.0            0.0           -2.670713E-02   2.122122E+00  -1.342576E+00   0.0
           107      G      0.0            0.0            1.565545E-01   2.437630E+00  -2.268502E+00   0.0
           108      G      0.0            0.0            4.123112E-01   2.797768E+00  -2.776843E+00   0.0
           109      G      0.0            0.0            6.983914E-01   3.192830E+00  -2.885689E+00   0.0
           110      G      0.0            0.0            9.882249E-01   3.588998E+00  -2.891948E+00   0.0
           111      G      0.0            0.0            1.186258E+00   2.966963E+00   3.005138E+00   0.0
           112      G      0.0            0.0            8.811071E-01   2.689483E+00   3.074249E+00   0.0
           113      G      0.0            0.0            5.749884E-01   2.290187E+00   2.981175E+00   0.0
           114      G      0.0            0.0            3.030124E-01   1.753662E+00   2.381395E+00   0.0
           115      G      0.0            0.0            1.187186E-01   1.441122E+00   1.246075E+00   0.0
           116      G      0.0            0.0            6.621959E-02   1.331101E+00  -2.160445E-01   0.0
           117      G      0.0            0.0            1.609743E-01   1.600380E+00  -1.653979E+00   0.0
           118      G      0.0            0.0            3.841717E-01   2.086868E+00  -2.747425E+00   0.0
           119      G      0.0            0.0            6.892645E-01   2.717318E+00  -3.275068E+00   0.0
           120      G      0.0            0.0            1.020460E+00   3.227605E+00  -3.281913E+00   0.0
           121      G      0.0            0.0            1.345123E+00   3.526380E+00  -3.190959E+00   0.0
1    MSC.NASTRAN JOB CREATED ON 09-NOV-20 AT 15:26:16                      NOVEMBER   9, 2020  MSC Nastran  3/11/18   PAGE    43
     DEFAULT                                                                                                                        
0                                                                                                            SUBCASE 1              
      EIGENVALUE =  3.611669E+04
          CYCLES =  3.024643E+01         R E A L   E I G E N V E C T O R   N O .          7
 
      POINT ID.   TYPE          T1             T2             T3             R1             R2             R3
             1      G      0.0            0.0            1.357509E+00  -1.636178E+00   5.810062E+00   0.0
             2      G      0.0            0.0            7.684723E-01  -9.277969E-01   5.955119E+00   0.0
             3      G      0.0            0.0            1.673192E-01   3.306121E-01   5.965196E+00   0.0
             4      G      0.0            0.0           -3.908181E-01   1.886180E+00   5.067362E+00   0.0
             5      G      0.0            0.0           -8.065292E-01   3.113254E+00   3.139087E+00   0.0
             6      G      0.0            0.0           -9.924308E-01   3.734874E+00   5.292576E-01   0.0
             7      G      0.0            0.0           -9.086235E-01   3.542001E+00  -2.181965E+00   0.0
             8      G      0.0            0.0           -5.760844E-01   2.674131E+00  -4.380812E+00   0.0
             9      G      0.0            0.0           -6.870012E-02   1.431144E+00  -5.645474E+00   0.0
            10      G      0.0            0.0            5.162479E-01   3.437952E-01  -5.947459E+00   0.0
            11      G      0.0            0.0            1.113095E+00  -2.425456E-01  -5.960807E+00   0.0
            12      G      0.0            0.0            1.172073E+00  -2.080018E+00   5.222251E+00   0.0
            13      G      0.0            0.0            6.660632E-01  -1.131970E+00   4.890891E+00   0.0
            14      G      0.0            0.0            1.871577E-01   5.917667E-02   4.609702E+00   0.0
            15      G      0.0            0.0           -2.375976E-01   1.177108E+00   3.784069E+00   0.0
            16      G      0.0            0.0           -5.457240E-01   2.106727E+00   2.294721E+00   0.0
            17      G      0.0            0.0           -6.794774E-01   2.529396E+00   3.420213E-01   0.0
            18      G      0.0            0.0           -6.104779E-01   2.423545E+00  -1.702163E+00   0.0
            19      G      0.0            0.0           -3.512024E-01   1.819975E+00  -3.412255E+00   0.0
            20      G      0.0            0.0            5.045861E-02   9.409311E-01  -4.523197E+00   0.0
            21      G      0.0            0.0            5.354340E-01   2.286574E-02  -5.091595E+00   0.0
            22      G      0.0            0.0            1.066215E+00  -7.101729E-01  -5.502566E+00   0.0
            23      G      0.0            0.0            9.140736E-01  -3.039544E+00   3.983152E+00   0.0
            24      G      0.0            0.0            5.286537E-01  -1.596511E+00   3.724900E+00   0.0
            25      G      0.0            0.0            1.706690E-01  -3.851800E-01   3.377092E+00   0.0
            26      G      0.0            0.0           -1.391909E-01   7.842230E-01   2.744621E+00   0.0
            27      G      0.0            0.0           -3.622053E-01   1.547697E+00   1.651388E+00   0.0
            28      G      0.0            0.0           -4.558856E-01   1.922146E+00   1.937749E-01   0.0
            29      G      0.0            0.0           -3.986775E-01   1.791289E+00  -1.321773E+00   0.0
            30      G      0.0            0.0           -1.981875E-01   1.222248E+00  -2.631744E+00   0.0
            31      G      0.0            0.0            1.149157E-01   3.362274E-01  -3.553335E+00   0.0
            32      G      0.0            0.0            5.018151E-01  -6.975333E-01  -4.117605E+00   0.0
            33      G      0.0            0.0            9.418958E-01  -1.763684E+00  -4.667464E+00   0.0
            34      G      0.0            0.0            5.754881E-01  -3.654331E+00   2.528804E+00   0.0
            35      G      0.0            0.0            3.424142E-01  -2.084456E+00   2.138980E+00   0.0
            36      G      0.0            0.0            1.254002E-01  -5.006256E-01   2.168222E+00   0.0
            37      G      0.0            0.0           -7.599379E-02   4.751315E-01   1.807349E+00   0.0
            38      G      0.0            0.0           -2.215087E-01   1.247092E+00   1.059998E+00   0.0
            39      G      0.0            0.0           -2.805124E-01   1.558434E+00   1.006239E-01   0.0
            40      G      0.0            0.0           -2.384227E-01   1.388381E+00  -9.304961E-01   0.0
            41      G      0.0            0.0           -9.858091E-02   7.532904E-01  -1.826869E+00   0.0
            42      G      0.0            0.0            1.197162E-01  -2.418573E-01  -2.484963E+00   0.0
            43      G      0.0            0.0            3.926869E-01  -1.467592E+00  -2.927348E+00   0.0
            44      G      0.0            0.0            7.092285E-01  -2.848243E+00  -3.392160E+00   0.0
            45      G      0.0            0.0            1.974935E-01  -3.803794E+00  -2.523594E-01   0.0
            46      G      0.0            0.0            1.644901E-01  -1.406680E+00   9.355783E-01   0.0
            47      G      0.0            0.0            6.413806E-02  -6.989114E-01   1.053090E+00   0.0
            48      G      0.0            0.0           -3.360555E-02   3.726765E-01   8.767020E-01   0.0
            49      G      0.0            0.0           -1.049357E-01   1.065656E+00   5.276441E-01   0.0
            50      G      0.0            0.0           -1.334982E-01   1.355895E+00   3.407778E-02   0.0
1    MSC.NASTRAN JOB CREATED ON 09-NOV-20 AT 15:26:16                      NOVEMBER   9, 2020  MSC Nastran  3/11/18   PAGE    44
     DEFAULT                                                                                                                        
0                                                                                                            SUBCASE 1              
      EIGENVALUE =  3.611669E+04
          CYCLES =  3.024643E+01         R E A L   E I G E N V E C T O R   N O .          7
 
      POINT ID.   TYPE          T1             T2             T3             R1             R2             R3
            51      G      0.0            0.0           -1.107923E-01   1.141402E+00  -4.820095E-01   0.0
            52      G      0.0            0.0           -3.852341E-02   4.382461E-01  -9.428319E-01   0.0
            53      G      0.0            0.0            7.423183E-02  -6.570825E-01  -1.284285E+00   0.0
            54      G      0.0            0.0            2.158759E-01  -2.032633E+00  -1.524189E+00   0.0
            55      G      0.0            0.0            3.817825E-01  -3.634018E+00  -1.788216E+00   0.0
            56      G      0.0            0.0            0.0            0.0            0.0            0.0
            57      G      0.0            0.0            1.043058E-08  -1.816917E+00  -2.489741E-07   0.0
            58      G      0.0            0.0            2.079593E-08  -5.559629E-01   2.229864E-08   0.0
            59      G      0.0            0.0            7.856437E-09   2.988236E-01   2.174578E-07   0.0
            60      G      0.0            0.0           -7.111783E-09   1.014955E+00   7.783386E-08   0.0
            61      G      0.0            0.0           -1.709643E-08   1.289068E+00   1.123447E-07   0.0
            62      G      0.0            0.0           -2.383906E-08   1.054417E+00   2.190598E-08   0.0
            63      G      0.0            0.0           -2.330494E-08   3.276070E-01  -3.665868E-08   0.0
            64      G      0.0            0.0           -2.121820E-08  -8.089139E-01  -2.001098E-09   0.0
            65      G      0.0            0.0           -1.530499E-08  -2.237956E+00  -1.203714E-07   0.0
            66      G      0.0            0.0           -1.952607E-08  -3.920481E+00   2.112611E-07   0.0
            67      G      0.0            0.0           -1.974965E-01  -3.803813E+00   2.523464E-01   0.0
            68      G      0.0            0.0           -1.644919E-01  -1.406681E+00  -9.355897E-01   0.0
            69      G      0.0            0.0           -6.413869E-02  -6.989114E-01  -1.053101E+00   0.0
            70      G      0.0            0.0            3.360592E-02   3.726772E-01  -8.767111E-01   0.0
            71      G      0.0            0.0            1.049368E-01   1.065657E+00  -5.276492E-01   0.0
            72      G      0.0            0.0            1.334996E-01   1.355896E+00  -3.407820E-02   0.0
            73      G      0.0            0.0            1.107934E-01   1.141404E+00   4.820142E-01   0.0
            74      G      0.0            0.0            3.852385E-02   4.382483E-01   9.428411E-01   0.0
            75      G      0.0            0.0           -7.423248E-02  -6.570795E-01   1.284297E+00   0.0
            76      G      0.0            0.0           -2.158780E-01  -2.032629E+00   1.524204E+00   0.0
            77      G      0.0            0.0           -3.817861E-01  -3.634012E+00   1.788233E+00   0.0
            78      G      0.0            0.0           -5.754882E-01  -3.654330E+00  -2.528806E+00   0.0
            79      G      0.0            0.0           -3.424142E-01  -2.084456E+00  -2.138980E+00   0.0
            80      G      0.0            0.0           -1.254002E-01  -5.006258E-01  -2.168222E+00   0.0
            81      G      0.0            0.0            7.599378E-02   4.751314E-01  -1.807348E+00   0.0
            82      G      0.0            0.0            2.215086E-01   1.247091E+00  -1.059998E+00   0.0
            83      G      0.0            0.0            2.805124E-01   1.558434E+00  -1.006238E-01   0.0
            84      G      0.0            0.0            2.384227E-01   1.388381E+00   9.304960E-01   0.0
            85      G      0.0            0.0            9.858088E-02   7.532907E-01   1.826869E+00   0.0
            86      G      0.0            0.0           -1.197162E-01  -2.418571E-01   2.484963E+00   0.0
            87      G      0.0            0.0           -3.926869E-01  -1.467592E+00   2.927348E+00   0.0
            88      G      0.0            0.0           -7.092284E-01  -2.848243E+00   3.392160E+00   0.0
            89      G      0.0            0.0           -9.140736E-01  -3.039543E+00  -3.983152E+00   0.0
            90      G      0.0            0.0           -5.286537E-01  -1.596512E+00  -3.724900E+00   0.0
            91      G      0.0            0.0           -1.706691E-01  -3.851799E-01  -3.377092E+00   0.0
            92      G      0.0            0.0            1.391909E-01   7.842227E-01  -2.744621E+00   0.0
            93      G      0.0            0.0            3.622053E-01   1.547697E+00  -1.651388E+00   0.0
            94      G      0.0            0.0            4.558855E-01   1.922146E+00  -1.937749E-01   0.0
            95      G      0.0            0.0            3.986774E-01   1.791290E+00   1.321773E+00   0.0
            96      G      0.0            0.0            1.981875E-01   1.222248E+00   2.631744E+00   0.0
            97      G      0.0            0.0           -1.149157E-01   3.362278E-01   3.553335E+00   0.0
            98      G      0.0            0.0           -5.018150E-01  -6.975329E-01   4.117604E+00   0.0
            99      G      0.0            0.0           -9.418957E-01  -1.763683E+00   4.667464E+00   0.0
           100      G      0.0            0.0           -1.172073E+00  -2.080019E+00  -5.222251E+00   0.0
1    MSC.NASTRAN JOB CREATED ON 09-NOV-20 AT 15:26:16                      NOVEMBER   9, 2020  MSC Nastran  3/11/18   PAGE    45
     DEFAULT                                                                                                                        
0                                                                                                            SUBCASE 1              
      EIGENVALUE =  3.611669E+04
          CYCLES =  3.024643E+01         R E A L   E I G E N V E C T O R   N O .          7
 
      POINT ID.   TYPE          T1             T2             T3             R1             R2             R3
           101      G      0.0            0.0           -6.660632E-01  -1.131970E+00  -4.890891E+00   0.0
           102      G      0.0            0.0           -1.871577E-01   5.917639E-02  -4.609702E+00   0.0
           103      G      0.0            0.0            2.375975E-01   1.177108E+00  -3.784068E+00   0.0
           104      G      0.0            0.0            5.457240E-01   2.106727E+00  -2.294721E+00   0.0
           105      G      0.0            0.0            6.794774E-01   2.529396E+00  -3.420214E-01   0.0
           106      G      0.0            0.0            6.104779E-01   2.423545E+00   1.702162E+00   0.0
           107      G      0.0            0.0            3.512025E-01   1.819976E+00   3.412254E+00   0.0
           108      G      0.0            0.0           -5.045856E-02   9.409314E-01   4.523196E+00   0.0
           109      G      0.0            0.0           -5.354339E-01   2.286626E-02   5.091594E+00   0.0
           110      G      0.0            0.0           -1.066215E+00  -7.101724E-01   5.502566E+00   0.0
           111      G      0.0            0.0           -1.357509E+00  -1.636178E+00  -5.810062E+00   0.0
           112      G      0.0            0.0           -7.684723E-01  -9.277971E-01  -5.955119E+00   0.0
           113      G      0.0            0.0           -1.673193E-01   3.306121E-01  -5.965196E+00   0.0
           114      G      0.0            0.0            3.908181E-01   1.886179E+00  -5.067362E+00   0.0
           115      G      0.0            0.0            8.065292E-01   3.113254E+00  -3.139087E+00   0.0
           116      G      0.0            0.0            9.924308E-01   3.734873E+00  -5.292578E-01   0.0
           117      G      0.0            0.0            9.086235E-01   3.542002E+00   2.181965E+00   0.0
           118      G      0.0            0.0            5.760844E-01   2.674131E+00   4.380811E+00   0.0
           119      G      0.0            0.0            6.870019E-02   1.431144E+00   5.645473E+00   0.0
           120      G      0.0            0.0           -5.162478E-01   3.437957E-01   5.947458E+00   0.0
           121      G      0.0            0.0           -1.113095E+00  -2.425450E-01   5.960806E+00   0.0
1    MSC.NASTRAN JOB CREATED ON 09-NOV-20 AT 15:26:16                      NOVEMBER   9, 2020  MSC Nastran  3/11/18   PAGE    46
     DEFAULT                                                                                                                        
0                                                                                                            SUBCASE 1              
      EIGENVALUE =  8.289334E+04
          CYCLES =  4.582262E+01         R E A L   E I G E N V E C T O R   N O .          8
 
      POINT ID.   TYPE          T1             T2             T3             R1             R2             R3
             1      G      0.0            0.0           -3.965161E-01  -2.093265E+00  -4.730296E+00   0.0
             2      G      0.0            0.0            6.931606E-02  -2.745281E+00  -4.628429E+00   0.0
             3      G      0.0            0.0            5.246880E-01  -4.306988E+00  -4.423557E+00   0.0
             4      G      0.0            0.0            9.072836E-01  -5.503572E+00  -3.137522E+00   0.0
             5      G      0.0            0.0            1.111026E+00  -6.346163E+00  -8.648194E-01   0.0
             6      G      0.0            0.0            1.062598E+00  -5.644678E+00   1.848713E+00   0.0
             7      G      0.0            0.0            7.509526E-01  -4.008313E+00   4.325237E+00   0.0
             8      G      0.0            0.0            2.395903E-01  -1.261431E+00   5.782494E+00   0.0
             9      G      0.0            0.0           -3.528631E-01   1.599998E+00   5.924876E+00   0.0
            10      G      0.0            0.0           -9.020987E-01   3.948693E+00   4.951159E+00   0.0
            11      G      0.0            0.0           -1.369039E+00   5.219994E+00   4.377052E+00   0.0
            12      G      0.0            0.0           -5.618945E-01  -1.151707E+00  -3.948845E+00   0.0
            13      G      0.0            0.0           -1.931354E-01  -2.437774E+00  -3.490852E+00   0.0
            14      G      0.0            0.0            1.294891E-01  -3.533993E+00  -2.941813E+00   0.0
            15      G      0.0            0.0            3.858636E-01  -4.872223E+00  -2.130643E+00   0.0
            16      G      0.0            0.0            5.385380E-01  -5.058589E+00  -8.626682E-01   0.0
            17      G      0.0            0.0            5.442254E-01  -4.690209E+00   7.741512E-01   0.0
            18      G      0.0            0.0            3.961382E-01  -3.064064E+00   2.168684E+00   0.0
            19      G      0.0            0.0            1.279115E-01  -9.580728E-01   3.132387E+00   0.0
            20      G      0.0            0.0           -1.972477E-01   1.519791E+00   3.291191E+00   0.0
            21      G      0.0            0.0           -5.171846E-01   3.750338E+00   3.046713E+00   0.0
            22      G      0.0            0.0           -8.223497E-01   5.700308E+00   3.058041E+00   0.0
            23      G      0.0            0.0           -5.923334E-01   5.993952E-01  -2.924498E+00   0.0
            24      G      0.0            0.0           -3.622697E-01  -8.563389E-01  -1.779028E+00   0.0
            25      G      0.0            0.0           -1.976279E-01  -2.900364E+00  -1.552510E+00   0.0
            26      G      0.0            0.0           -5.228368E-02  -3.756549E+00  -1.331943E+00   0.0
            27      G      0.0            0.0            5.481522E-02  -4.486906E+00  -7.739583E-01   0.0
            28      G      0.0            0.0            1.110302E-01  -3.856394E+00  -3.063731E-01   0.0
            29      G      0.0            0.0            1.064376E-01  -2.653499E+00   4.147500E-01   0.0
            30      G      0.0            0.0            4.625678E-02  -6.451038E-01   7.853416E-01   0.0
            31      G      0.0            0.0           -4.329362E-02   1.534444E+00   9.843891E-01   0.0
            32      G      0.0            0.0           -1.346694E-01   3.826344E+00   8.265478E-01   0.0
            33      G      0.0            0.0           -2.160568E-01   6.301777E+00   8.024649E-01   0.0
            34      G      0.0            0.0           -4.027309E-01   3.160169E+00  -1.526745E-01   0.0
            35      G      0.0            0.0           -4.056385E-01  -3.407824E-03   3.224259E-02   0.0
            36      G      0.0            0.0           -4.051693E-01  -1.177349E+00  -1.327694E-01   0.0
            37      G      0.0            0.0           -3.910914E-01  -2.922491E+00  -1.908806E-01   0.0
            38      G      0.0            0.0           -3.344676E-01  -3.168638E+00  -9.094956E-01   0.0
            39      G      0.0            0.0           -2.377886E-01  -3.009823E+00  -9.784373E-01   0.0
            40      G      0.0            0.0           -1.258392E-01  -1.912241E+00  -1.200275E+00   0.0
            41      G      0.0            0.0           -9.702585E-03  -4.542237E-01  -1.076946E+00   0.0
            42      G      0.0            0.0            1.037976E-01   1.367485E+00  -1.155735E+00   0.0
            43      G      0.0            0.0            2.256579E-01   3.278777E+00  -1.259979E+00   0.0
            44      G      0.0            0.0            3.843722E-01   5.548205E+00  -1.914501E+00   0.0
            45      G      0.0            0.0           -1.266745E-01   2.165515E+00   2.326759E+00   0.0
            46      G      0.0            0.0           -3.246664E-01   1.517514E+00   1.374327E+00   0.0
            47      G      0.0            0.0           -4.984100E-01  -7.504049E-01   1.900647E+00   0.0
            48      G      0.0            0.0           -6.041028E-01  -1.303798E+00   1.621933E-01   0.0
            49      G      0.0            0.0           -5.851735E-01  -1.793864E+00  -5.424547E-01   0.0
            50      G      0.0            0.0           -4.700182E-01  -1.564363E+00  -1.694364E+00   0.0
1    MSC.NASTRAN JOB CREATED ON 09-NOV-20 AT 15:26:16                      NOVEMBER   9, 2020  MSC Nastran  3/11/18   PAGE    47
     DEFAULT                                                                                                                        
0                                                                                                            SUBCASE 1              
      EIGENVALUE =  8.289334E+04
          CYCLES =  4.582262E+01         R E A L   E I G E N V E C T O R   N O .          8
 
      POINT ID.   TYPE          T1             T2             T3             R1             R2             R3
            51      G      0.0            0.0           -2.768104E-01  -1.065896E+00  -2.091526E+00   0.0
            52      G      0.0            0.0           -4.260869E-02  -1.952125E-01  -2.502820E+00   0.0
            53      G      0.0            0.0            2.140095E-01   7.958525E-01  -2.555406E+00   0.0
            54      G      0.0            0.0            4.897563E-01   1.918740E+00  -2.907345E+00   0.0
            55      G      0.0            0.0            8.308325E-01   3.251510E+00  -3.916779E+00   0.0
            56      G      0.0            0.0            0.0            0.0            0.0            0.0
            57      G      0.0            0.0           -2.320635E-01   2.472822E-07   4.177789E+00   0.0
            58      G      0.0            0.0           -5.290948E-01  -4.159551E-07   1.598155E+00   0.0
            59      G      0.0            0.0           -6.648929E-01   1.120766E-07   1.015675E+00   0.0
            60      G      0.0            0.0           -6.740340E-01  -4.333535E-08  -8.176204E-01   0.0
            61      G      0.0            0.0           -5.477704E-01  -1.777088E-08  -1.653485E+00   0.0
            62      G      0.0            0.0           -3.303178E-01  -3.184442E-09  -2.598003E+00   0.0
            63      G      0.0            0.0           -5.187832E-02  -1.426721E-07  -2.873350E+00   0.0
            64      G      0.0            0.0            2.547768E-01  -1.234646E-07  -3.166973E+00   0.0
            65      G      0.0            0.0            5.875342E-01  -4.544331E-07  -3.427570E+00   0.0
            66      G      0.0            0.0            9.960169E-01  -3.227366E-07  -4.744721E+00   0.0
            67      G      0.0            0.0           -1.266768E-01  -2.165531E+00   2.326754E+00   0.0
            68      G      0.0            0.0           -3.246675E-01  -1.517513E+00   1.374308E+00   0.0
            69      G      0.0            0.0           -4.984096E-01   7.504109E-01   1.900636E+00   0.0
            70      G      0.0            0.0           -6.041016E-01   1.303812E+00   1.621870E-01   0.0
            71      G      0.0            0.0           -5.851719E-01   1.793880E+00  -5.424555E-01   0.0
            72      G      0.0            0.0           -4.700167E-01   1.564378E+00  -1.694360E+00   0.0
            73      G      0.0            0.0           -2.768094E-01   1.065906E+00  -2.091519E+00   0.0
            74      G      0.0            0.0           -4.260853E-02   1.952148E-01  -2.502810E+00   0.0
            75      G      0.0            0.0            2.140087E-01  -7.958597E-01  -2.555396E+00   0.0
            76      G      0.0            0.0            4.897544E-01  -1.918756E+00  -2.907333E+00   0.0
            77      G      0.0            0.0            8.308293E-01  -3.251539E+00  -3.916765E+00   0.0
            78      G      0.0            0.0           -4.027310E-01  -3.160168E+00  -1.526757E-01   0.0
            79      G      0.0            0.0           -4.056386E-01   3.407765E-03   3.224302E-02   0.0
            80      G      0.0            0.0           -4.051695E-01   1.177349E+00  -1.327699E-01   0.0
            81      G      0.0            0.0           -3.910915E-01   2.922491E+00  -1.908803E-01   0.0
            82      G      0.0            0.0           -3.344676E-01   3.168639E+00  -9.094963E-01   0.0
            83      G      0.0            0.0           -2.377886E-01   3.009823E+00  -9.784372E-01   0.0
            84      G      0.0            0.0           -1.258393E-01   1.912241E+00  -1.200276E+00   0.0
            85      G      0.0            0.0           -9.702618E-03   4.542238E-01  -1.076946E+00   0.0
            86      G      0.0            0.0            1.037975E-01  -1.367485E+00  -1.155735E+00   0.0
            87      G      0.0            0.0            2.256579E-01  -3.278777E+00  -1.259979E+00   0.0
            88      G      0.0            0.0            3.843721E-01  -5.548205E+00  -1.914500E+00   0.0
            89      G      0.0            0.0           -5.923335E-01  -5.993947E-01  -2.924498E+00   0.0
            90      G      0.0            0.0           -3.622698E-01   8.563399E-01  -1.779028E+00   0.0
            91      G      0.0            0.0           -1.976279E-01   2.900364E+00  -1.552510E+00   0.0
            92      G      0.0            0.0           -5.228372E-02   3.756550E+00  -1.331943E+00   0.0
            93      G      0.0            0.0            5.481519E-02   4.486906E+00  -7.739584E-01   0.0
            94      G      0.0            0.0            1.110302E-01   3.856395E+00  -3.063734E-01   0.0
            95      G      0.0            0.0            1.064376E-01   2.653500E+00   4.147500E-01   0.0
            96      G      0.0            0.0            4.625677E-02   6.451042E-01   7.853416E-01   0.0
            97      G      0.0            0.0           -4.329364E-02  -1.534443E+00   9.843893E-01   0.0
            98      G      0.0            0.0           -1.346695E-01  -3.826343E+00   8.265482E-01   0.0
            99      G      0.0            0.0           -2.160569E-01  -6.301777E+00   8.024655E-01   0.0
           100      G      0.0            0.0           -5.618945E-01   1.151708E+00  -3.948846E+00   0.0
1    MSC.NASTRAN JOB CREATED ON 09-NOV-20 AT 15:26:16                      NOVEMBER   9, 2020  MSC Nastran  3/11/18   PAGE    48
     DEFAULT                                                                                                                        
0                                                                                                            SUBCASE 1              
      EIGENVALUE =  8.289334E+04
          CYCLES =  4.582262E+01         R E A L   E I G E N V E C T O R   N O .          8
 
      POINT ID.   TYPE          T1             T2             T3             R1             R2             R3
           101      G      0.0            0.0           -1.931354E-01   2.437775E+00  -3.490852E+00   0.0
           102      G      0.0            0.0            1.294891E-01   3.533994E+00  -2.941813E+00   0.0
           103      G      0.0            0.0            3.858636E-01   4.872224E+00  -2.130643E+00   0.0
           104      G      0.0            0.0            5.385381E-01   5.058590E+00  -8.626683E-01   0.0
           105      G      0.0            0.0            5.442255E-01   4.690210E+00   7.741512E-01   0.0
           106      G      0.0            0.0            3.961382E-01   3.064065E+00   2.168684E+00   0.0
           107      G      0.0            0.0            1.279116E-01   9.580735E-01   3.132388E+00   0.0
           108      G      0.0            0.0           -1.972477E-01  -1.519791E+00   3.291192E+00   0.0
           109      G      0.0            0.0           -5.171846E-01  -3.750338E+00   3.046714E+00   0.0
           110      G      0.0            0.0           -8.223498E-01  -5.700308E+00   3.058041E+00   0.0
           111      G      0.0            0.0           -3.965160E-01   2.093266E+00  -4.730296E+00   0.0
           112      G      0.0            0.0            6.931616E-02   2.745282E+00  -4.628429E+00   0.0
           113      G      0.0            0.0            5.246881E-01   4.306988E+00  -4.423557E+00   0.0
           114      G      0.0            0.0            9.072838E-01   5.503573E+00  -3.137522E+00   0.0
           115      G      0.0            0.0            1.111026E+00   6.346164E+00  -8.648195E-01   0.0
           116      G      0.0            0.0            1.062599E+00   5.644679E+00   1.848713E+00   0.0
           117      G      0.0            0.0            7.509527E-01   4.008314E+00   4.325237E+00   0.0
           118      G      0.0            0.0            2.395904E-01   1.261432E+00   5.782494E+00   0.0
           119      G      0.0            0.0           -3.528630E-01  -1.599998E+00   5.924876E+00   0.0
           120      G      0.0            0.0           -9.020987E-01  -3.948692E+00   4.951159E+00   0.0
           121      G      0.0            0.0           -1.369039E+00  -5.219993E+00   4.377053E+00   0.0
1    MSC.NASTRAN JOB CREATED ON 09-NOV-20 AT 15:26:16                      NOVEMBER   9, 2020  MSC Nastran  3/11/18   PAGE    49
     DEFAULT                                                                                                                        
0                                                                                                            SUBCASE 1              
      EIGENVALUE =  1.395676E+05
          CYCLES =  5.945829E+01         R E A L   E I G E N V E C T O R   N O .          9
 
      POINT ID.   TYPE          T1             T2             T3             R1             R2             R3
             1      G      0.0            0.0           -8.421667E-01   6.024432E-01  -6.005431E+00   0.0
             2      G      0.0            0.0           -2.565897E-01  -1.713769E-01  -5.612824E+00   0.0
             3      G      0.0            0.0            2.303223E-01  -1.204106E+00  -3.914251E+00   0.0
             4      G      0.0            0.0            4.514997E-01  -1.518662E+00  -3.761326E-01   0.0
             5      G      0.0            0.0            2.859554E-01  -2.201067E-01   3.637453E+00   0.0
             6      G      0.0            0.0           -2.173760E-01   2.541519E+00   6.208321E+00   0.0
             7      G      0.0            0.0           -8.453559E-01   5.938188E+00   6.068045E+00   0.0
             8      G      0.0            0.0           -1.324952E+00   8.839179E+00   3.318838E+00   0.0
             9      G      0.0            0.0           -1.458054E+00   1.050547E+01  -6.951229E-01   0.0
            10      G      0.0            0.0           -1.211550E+00   1.104159E+01  -4.132122E+00   0.0
            11      G      0.0            0.0           -7.154088E-01   1.131133E+01  -5.701163E+00   0.0
            12      G      0.0            0.0           -7.515297E-01   1.178366E+00  -5.393002E+00   0.0
            13      G      0.0            0.0           -2.428913E-01   4.114581E-01  -4.698430E+00   0.0
            14      G      0.0            0.0            1.650152E-01  -1.554377E-01  -3.273957E+00   0.0
            15      G      0.0            0.0            3.763302E-01  -6.096265E-02  -8.269584E-01   0.0
            16      G      0.0            0.0            3.246340E-01   8.971583E-01   1.836915E+00   0.0
            17      G      0.0            0.0            5.062431E-02   2.705845E+00   3.479843E+00   0.0
            18      G      0.0            0.0           -2.984408E-01   4.872080E+00   3.288634E+00   0.0
            19      G      0.0            0.0           -5.345517E-01   6.822168E+00   1.287876E+00   0.0
            20      G      0.0            0.0           -5.165482E-01   8.155510E+00  -1.653901E+00   0.0
            21      G      0.0            0.0           -2.033751E-01   8.930410E+00  -4.501731E+00   0.0
            22      G      0.0            0.0            3.522147E-01   9.832716E+00  -6.531000E+00   0.0
            23      G      0.0            0.0           -5.838985E-01   2.090844E+00  -4.253733E+00   0.0
            24      G      0.0            0.0           -1.760942E-01   8.569575E-01  -3.835666E+00   0.0
            25      G      0.0            0.0            1.656717E-01   1.021780E-01  -2.842868E+00   0.0
            26      G      0.0            0.0            3.717977E-01  -1.130877E-01  -1.168064E+00   0.0
            27      G      0.0            0.0            3.988823E-01   4.711742E-01   6.236126E-01   0.0
            28      G      0.0            0.0            2.769096E-01   1.655315E+00   1.704523E+00   0.0
            29      G      0.0            0.0            1.112338E-01   3.102641E+00   1.460995E+00   0.0
            30      G      0.0            0.0            3.679563E-02   4.334826E+00  -6.525857E-02   0.0
            31      G      0.0            0.0            1.583155E-01   5.031599E+00  -2.347556E+00   0.0
            32      G      0.0            0.0            5.186362E-01   5.174313E+00  -4.756451E+00   0.0
            33      G      0.0            0.0            1.140532E+00   5.572523E+00  -7.632286E+00   0.0
            34      G      0.0            0.0           -3.534580E-01   2.441547E+00  -2.804151E+00   0.0
            35      G      0.0            0.0           -8.364357E-02   9.472569E-01  -2.546466E+00   0.0
            36      G      0.0            0.0            1.561280E-01  -3.172857E-01  -2.137385E+00   0.0
            37      G      0.0            0.0            3.250223E-01  -8.380119E-01  -1.153639E+00   0.0
            38      G      0.0            0.0            3.846832E-01  -7.832965E-01  -3.128461E-02   0.0
            39      G      0.0            0.0            3.528864E-01  -1.922498E-01   6.023983E-01   0.0
            40      G      0.0            0.0            2.989106E-01   5.590979E-01   3.880440E-01   0.0
            41      G      0.0            0.0            3.115481E-01   1.038638E+00  -6.905823E-01   0.0
            42      G      0.0            0.0            4.616097E-01   8.974897E-01  -2.283732E+00   0.0
            43      G      0.0            0.0            7.885456E-01   8.625741E-02  -4.175049E+00   0.0
            44      G      0.0            0.0            1.363345E+00  -1.248432E+00  -7.299434E+00   0.0
            45      G      0.0            0.0           -1.150576E-01   2.297298E+00  -5.335270E-01   0.0
            46      G      0.0            0.0           -2.476252E-02   2.397924E-01  -1.259270E+00   0.0
            47      G      0.0            0.0            9.901015E-02  -7.683849E-01  -1.155950E+00   0.0
            48      G      0.0            0.0            1.941651E-01  -1.688296E+00  -7.002866E-01   0.0
            49      G      0.0            0.0            2.387990E-01  -2.022844E+00  -1.838676E-01   0.0
            50      G      0.0            0.0            2.407628E-01  -1.931606E+00   1.158953E-01   0.0
1    MSC.NASTRAN JOB CREATED ON 09-NOV-20 AT 15:26:16                      NOVEMBER   9, 2020  MSC Nastran  3/11/18   PAGE    50
     DEFAULT                                                                                                                        
0                                                                                                            SUBCASE 1              
      EIGENVALUE =  1.395676E+05
          CYCLES =  5.945829E+01         R E A L   E I G E N V E C T O R   N O .          9
 
      POINT ID.   TYPE          T1             T2             T3             R1             R2             R3
            51      G      0.0            0.0            2.338987E-01  -1.737424E+00  -1.901136E-02   0.0
            52      G      0.0            0.0            2.625888E-01  -1.885510E+00  -5.747111E-01   0.0
            53      G      0.0            0.0            3.627237E-01  -2.718631E+00  -1.408975E+00   0.0
            54      G      0.0            0.0            5.596789E-01  -4.468655E+00  -2.486079E+00   0.0
            55      G      0.0            0.0            9.104491E-01  -7.562200E+00  -4.523693E+00   0.0
            56      G      0.0            0.0            0.0            0.0            0.0            0.0
            57      G      0.0            0.0           -2.147742E-08   3.191884E-01   4.109813E-07   0.0
            58      G      0.0            0.0           -4.108778E-08  -1.092514E+00  -3.678838E-08   0.0
            59      G      0.0            0.0           -7.919354E-09  -2.023380E+00  -6.193186E-07   0.0
            60      G      0.0            0.0            6.226032E-08  -2.539748E+00  -7.374508E-07   0.0
            61      G      0.0            0.0            1.502700E-07  -2.637521E+00  -9.597215E-07   0.0
            62      G      0.0            0.0            2.149357E-07  -2.663317E+00  -2.700991E-07   0.0
            63      G      0.0            0.0            2.363478E-07  -3.049759E+00  -1.536354E-07   0.0
            64      G      0.0            0.0            1.866552E-07  -4.166515E+00   1.132470E-06   0.0
            65      G      0.0            0.0            1.178782E-07  -6.289671E+00   1.484253E-07   0.0
            66      G      0.0            0.0           -1.588801E-08  -1.012521E+01   2.530524E-06   0.0
            67      G      0.0            0.0            1.150593E-01   2.297312E+00   5.335418E-01   0.0
            68      G      0.0            0.0            2.476280E-02   2.397959E-01   1.259284E+00   0.0
            69      G      0.0            0.0           -9.901114E-02  -7.683808E-01   1.155961E+00   0.0
            70      G      0.0            0.0           -1.941669E-01  -1.688290E+00   7.002920E-01   0.0
            71      G      0.0            0.0           -2.388011E-01  -2.022835E+00   1.838664E-01   0.0
            72      G      0.0            0.0           -2.407646E-01  -1.931595E+00  -1.158992E-01   0.0
            73      G      0.0            0.0           -2.339001E-01  -1.737408E+00   1.900858E-02   0.0
            74      G      0.0            0.0           -2.625903E-01  -1.885491E+00   5.747156E-01   0.0
            75      G      0.0            0.0           -3.627260E-01  -2.718606E+00   1.408987E+00   0.0
            76      G      0.0            0.0           -5.596831E-01  -4.468624E+00   2.486103E+00   0.0
            77      G      0.0            0.0           -9.104563E-01  -7.562155E+00   4.523730E+00   0.0
            78      G      0.0            0.0            3.534581E-01   2.441548E+00   2.804153E+00   0.0
            79      G      0.0            0.0            8.364354E-02   9.472579E-01   2.546466E+00   0.0
            80      G      0.0            0.0           -1.561281E-01  -3.172853E-01   2.137385E+00   0.0
            81      G      0.0            0.0           -3.250225E-01  -8.380119E-01   1.153639E+00   0.0
            82      G      0.0            0.0           -3.846832E-01  -7.832970E-01   3.128369E-02   0.0
            83      G      0.0            0.0           -3.528864E-01  -1.922503E-01  -6.023997E-01   0.0
            84      G      0.0            0.0           -2.989104E-01   5.590971E-01  -3.880444E-01   0.0
            85      G      0.0            0.0           -3.115479E-01   1.038638E+00   6.905822E-01   0.0
            86      G      0.0            0.0           -4.616096E-01   8.974890E-01   2.283734E+00   0.0
            87      G      0.0            0.0           -7.885456E-01   8.625825E-02   4.175051E+00   0.0
            88      G      0.0            0.0           -1.363346E+00  -1.248433E+00   7.299436E+00   0.0
            89      G      0.0            0.0            5.838988E-01   2.090846E+00   4.253735E+00   0.0
            90      G      0.0            0.0            1.760943E-01   8.569586E-01   3.835668E+00   0.0
            91      G      0.0            0.0           -1.656718E-01   1.021783E-01   2.842869E+00   0.0
            92      G      0.0            0.0           -3.717979E-01  -1.130879E-01   1.168064E+00   0.0
            93      G      0.0            0.0           -3.988824E-01   4.711736E-01  -6.236135E-01   0.0
            94      G      0.0            0.0           -2.769096E-01   1.655314E+00  -1.704524E+00   0.0
            95      G      0.0            0.0           -1.112337E-01   3.102640E+00  -1.460996E+00   0.0
            96      G      0.0            0.0           -3.679549E-02   4.334826E+00   6.525883E-02   0.0
            97      G      0.0            0.0           -1.583154E-01   5.031600E+00   2.347557E+00   0.0
            98      G      0.0            0.0           -5.186363E-01   5.174313E+00   4.756453E+00   0.0
            99      G      0.0            0.0           -1.140532E+00   5.572524E+00   7.632288E+00   0.0
           100      G      0.0            0.0            7.515301E-01   1.178368E+00   5.393005E+00   0.0
1    MSC.NASTRAN JOB CREATED ON 09-NOV-20 AT 15:26:16                      NOVEMBER   9, 2020  MSC Nastran  3/11/18   PAGE    51
     DEFAULT                                                                                                                        
0                                                                                                            SUBCASE 1              
      EIGENVALUE =  1.395676E+05
          CYCLES =  5.945829E+01         R E A L   E I G E N V E C T O R   N O .          9
 
      POINT ID.   TYPE          T1             T2             T3             R1             R2             R3
           101      G      0.0            0.0            2.428915E-01   4.114587E-01   4.698432E+00   0.0
           102      G      0.0            0.0           -1.650152E-01  -1.554375E-01   3.273959E+00   0.0
           103      G      0.0            0.0           -3.763303E-01  -6.096315E-02   8.269590E-01   0.0
           104      G      0.0            0.0           -3.246342E-01   8.971573E-01  -1.836915E+00   0.0
           105      G      0.0            0.0           -5.062439E-02   2.705844E+00  -3.479844E+00   0.0
           106      G      0.0            0.0            2.984408E-01   4.872079E+00  -3.288635E+00   0.0
           107      G      0.0            0.0            5.345518E-01   6.822168E+00  -1.287877E+00   0.0
           108      G      0.0            0.0            5.165483E-01   8.155510E+00   1.653902E+00   0.0
           109      G      0.0            0.0            2.033750E-01   8.930410E+00   4.501732E+00   0.0
           110      G      0.0            0.0           -3.522149E-01   9.832717E+00   6.531002E+00   0.0
           111      G      0.0            0.0            8.421672E-01   6.024442E-01   6.005434E+00   0.0
           112      G      0.0            0.0            2.565900E-01  -1.713763E-01   5.612827E+00   0.0
           113      G      0.0            0.0           -2.303223E-01  -1.204107E+00   3.914254E+00   0.0
           114      G      0.0            0.0           -4.514999E-01  -1.518663E+00   3.761338E-01   0.0
           115      G      0.0            0.0           -2.859557E-01  -2.201081E-01  -3.637453E+00   0.0
           116      G      0.0            0.0            2.173758E-01   2.541517E+00  -6.208323E+00   0.0
           117      G      0.0            0.0            8.453559E-01   5.938188E+00  -6.068047E+00   0.0
           118      G      0.0            0.0            1.324952E+00   8.839179E+00  -3.318839E+00   0.0
           119      G      0.0            0.0            1.458054E+00   1.050547E+01   6.951234E-01   0.0
           120      G      0.0            0.0            1.211550E+00   1.104159E+01   4.132123E+00   0.0
           121      G      0.0            0.0            7.154087E-01   1.131133E+01   5.701164E+00   0.0
1    MSC.NASTRAN JOB CREATED ON 09-NOV-20 AT 15:26:16                      NOVEMBER   9, 2020  MSC Nastran  3/11/18   PAGE    52
     DEFAULT                                                                                                                        
0                                                                                                            SUBCASE 1              
      EIGENVALUE =  1.448041E+05
          CYCLES =  6.056345E+01         R E A L   E I G E N V E C T O R   N O .         10
 
      POINT ID.   TYPE          T1             T2             T3             R1             R2             R3
             1      G      0.0            0.0           -1.402041E+00   1.803545E+00  -9.409461E+00   0.0
             2      G      0.0            0.0           -4.741594E-01   3.368185E-01  -8.945188E+00   0.0
             3      G      0.0            0.0            3.229850E-01  -1.689702E+00  -6.630169E+00   0.0
             4      G      0.0            0.0            7.533573E-01  -3.299438E+00  -1.795834E+00   0.0
             5      G      0.0            0.0            6.694684E-01  -2.875648E+00   3.314493E+00   0.0
             6      G      0.0            0.0            1.853419E-01  -1.100152E+00   5.945529E+00   0.0
             7      G      0.0            0.0           -3.681155E-01   1.254749E+00   4.680075E+00   0.0
             8      G      0.0            0.0           -6.352359E-01   2.586968E+00   4.479077E-01   0.0
             9      G      0.0            0.0           -4.375454E-01   2.511808E+00  -4.286818E+00   0.0
            10      G      0.0            0.0            1.470220E-01   1.528309E+00  -7.089942E+00   0.0
            11      G      0.0            0.0            9.084949E-01   8.257140E-01  -7.952926E+00   0.0
            12      G      0.0            0.0           -1.179924E+00   2.616384E+00  -8.396599E+00   0.0
            13      G      0.0            0.0           -3.893643E-01   1.341939E+00  -7.221744E+00   0.0
            14      G      0.0            0.0            2.339273E-01  -1.196057E-01  -4.917962E+00   0.0
            15      G      0.0            0.0            5.443521E-01  -9.102198E-01  -1.138297E+00   0.0
            16      G      0.0            0.0            4.617503E-01  -1.298469E+00   2.628366E+00   0.0
            17      G      0.0            0.0            9.218345E-02  -7.604012E-01   4.368146E+00   0.0
            18      G      0.0            0.0           -3.109921E-01  -9.036456E-02   3.286723E+00   0.0
            19      G      0.0            0.0           -4.808697E-01   5.308393E-01  -7.997247E-02   0.0
            20      G      0.0            0.0           -2.800503E-01   6.611347E-01  -3.821811E+00   0.0
            21      G      0.0            0.0            2.467008E-01   4.738132E-01  -6.413627E+00   0.0
            22      G      0.0            0.0            9.539700E-01   8.860937E-02  -7.551824E+00   0.0
            23      G      0.0            0.0           -8.473004E-01   3.911515E+00  -6.516994E+00   0.0
            24      G      0.0            0.0           -2.169642E-01   2.013853E+00  -5.891243E+00   0.0
            25      G      0.0            0.0            2.801137E-01   9.861767E-01  -3.743813E+00   0.0
            26      G      0.0            0.0            4.925415E-01  -1.577030E-01  -3.851982E-01   0.0
            27      G      0.0            0.0            3.703496E-01  -5.281741E-01   2.657153E+00   0.0
            28      G      0.0            0.0            1.513791E-02  -7.593021E-01   4.051476E+00   0.0
            29      G      0.0            0.0           -3.457727E-01  -5.662148E-01   2.772984E+00   0.0
            30      G      0.0            0.0           -4.779896E-01  -4.283147E-01  -3.094580E-01   0.0
            31      G      0.0            0.0           -2.666683E-01  -3.456712E-01  -3.797864E+00   0.0
            32      G      0.0            0.0            2.410353E-01  -5.375843E-01  -6.059051E+00   0.0
            33      G      0.0            0.0            9.058151E-01  -9.948156E-01  -7.055963E+00   0.0
            34      G      0.0            0.0           -4.717906E-01   3.444325E+00  -4.917810E+00   0.0
            35      G      0.0            0.0            8.363475E-03   2.384927E+00  -4.460992E+00   0.0
            36      G      0.0            0.0            3.767907E-01   8.696441E-01  -2.626062E+00   0.0
            37      G      0.0            0.0            5.040137E-01   3.585582E-01   1.863494E-01   0.0
            38      G      0.0            0.0            3.275580E-01  -3.290078E-01   3.143586E+00   0.0
            39      G      0.0            0.0           -5.197619E-02  -5.500695E-01   4.050077E+00   0.0
            40      G      0.0            0.0           -4.120045E-01  -7.087068E-01   2.755523E+00   0.0
            41      G      0.0            0.0           -5.374149E-01  -6.944693E-01  -4.203658E-01   0.0
            42      G      0.0            0.0           -3.261491E-01  -7.701857E-01  -3.684595E+00   0.0
            43      G      0.0            0.0            1.619973E-01  -9.598375E-01  -5.780860E+00   0.0
            44      G      0.0            0.0            7.773916E-01  -1.478189E+00  -6.343667E+00   0.0
            45      G      0.0            0.0           -1.466558E-01   2.974713E+00  -3.030551E+00   0.0
            46      G      0.0            0.0            1.739762E-01   8.579535E-01  -3.135319E+00   0.0
            47      G      0.0            0.0            4.609198E-01   7.866590E-01  -2.302679E+00   0.0
            48      G      0.0            0.0            5.317777E-01   1.752096E-01   9.556077E-01   0.0
            49      G      0.0            0.0            3.065503E-01  -7.831067E-02   3.344790E+00   0.0
            50      G      0.0            0.0           -9.822998E-02  -3.481744E-01   4.338312E+00   0.0
1    MSC.NASTRAN JOB CREATED ON 09-NOV-20 AT 15:26:16                      NOVEMBER   9, 2020  MSC Nastran  3/11/18   PAGE    53
     DEFAULT                                                                                                                        
0                                                                                                            SUBCASE 1              
      EIGENVALUE =  1.448041E+05
          CYCLES =  6.056345E+01         R E A L   E I G E N V E C T O R   N O .         10
 
      POINT ID.   TYPE          T1             T2             T3             R1             R2             R3
            51      G      0.0            0.0           -4.716677E-01  -4.357856E-01   2.739066E+00   0.0
            52      G      0.0            0.0           -6.006656E-01  -5.121722E-01  -3.335748E-01   0.0
            53      G      0.0            0.0           -3.964754E-01  -5.661443E-01  -3.626953E+00   0.0
            54      G      0.0            0.0            7.430657E-02  -7.157721E-01  -5.492588E+00   0.0
            55      G      0.0            0.0            6.464444E-01  -1.050836E+00  -5.763353E+00   0.0
            56      G      0.0            0.0            0.0            0.0            0.0            0.0
            57      G      0.0            0.0            2.127285E-01  -6.697284E-07  -3.905196E+00   0.0
            58      G      0.0            0.0            4.992445E-01   9.412404E-08  -1.559713E+00   0.0
            59      G      0.0            0.0            5.391036E-01  -4.783989E-07   8.463935E-01   0.0
            60      G      0.0            0.0            3.019688E-01  -3.131009E-07   3.673278E+00   0.0
            61      G      0.0            0.0           -1.168184E-01  -3.507529E-07   4.294869E+00   0.0
            62      G      0.0            0.0           -4.945239E-01  -3.346242E-07   2.861479E+00   0.0
            63      G      0.0            0.0           -6.276816E-01  -3.467575E-07  -3.690080E-01   0.0
            64      G      0.0            0.0           -4.262364E-01  -5.893574E-07  -3.538598E+00   0.0
            65      G      0.0            0.0            3.684523E-02  -7.967188E-07  -5.425962E+00   0.0
            66      G      0.0            0.0            5.920254E-01  -1.653709E-06  -5.489827E+00   0.0
            67      G      0.0            0.0           -1.466581E-01  -2.974730E+00  -3.030572E+00   0.0
            68      G      0.0            0.0            1.739751E-01  -8.579653E-01  -3.135324E+00   0.0
            69      G      0.0            0.0            4.609192E-01  -7.866640E-01  -2.302683E+00   0.0
            70      G      0.0            0.0            5.317775E-01  -1.752118E-01   9.556044E-01   0.0
            71      G      0.0            0.0            3.065504E-01   7.831164E-02   3.344788E+00   0.0
            72      G      0.0            0.0           -9.822969E-02   3.481766E-01   4.338310E+00   0.0
            73      G      0.0            0.0           -4.716673E-01   4.357887E-01   2.739065E+00   0.0
            74      G      0.0            0.0           -6.006652E-01   5.121751E-01  -3.335749E-01   0.0
            75      G      0.0            0.0           -3.964749E-01   5.661474E-01  -3.626953E+00   0.0
            76      G      0.0            0.0            7.430707E-02   7.157754E-01  -5.492589E+00   0.0
            77      G      0.0            0.0            6.464451E-01   1.050841E+00  -5.763356E+00   0.0
            78      G      0.0            0.0           -4.717905E-01  -3.444325E+00  -4.917810E+00   0.0
            79      G      0.0            0.0            8.363542E-03  -2.384926E+00  -4.460991E+00   0.0
            80      G      0.0            0.0            3.767906E-01  -8.696446E-01  -2.626061E+00   0.0
            81      G      0.0            0.0            5.040136E-01  -3.585586E-01   1.863497E-01   0.0
            82      G      0.0            0.0            3.275579E-01   3.290075E-01   3.143586E+00   0.0
            83      G      0.0            0.0           -5.197629E-02   5.500693E-01   4.050077E+00   0.0
            84      G      0.0            0.0           -4.120046E-01   7.087069E-01   2.755523E+00   0.0
            85      G      0.0            0.0           -5.374150E-01   6.944696E-01  -4.203656E-01   0.0
            86      G      0.0            0.0           -3.261492E-01   7.701860E-01  -3.684594E+00   0.0
            87      G      0.0            0.0            1.619970E-01   9.598375E-01  -5.780858E+00   0.0
            88      G      0.0            0.0            7.773911E-01   1.478188E+00  -6.343665E+00   0.0
            89      G      0.0            0.0           -8.473002E-01  -3.911514E+00  -6.516993E+00   0.0
            90      G      0.0            0.0           -2.169641E-01  -2.013853E+00  -5.891242E+00   0.0
            91      G      0.0            0.0            2.801136E-01  -9.861767E-01  -3.743812E+00   0.0
            92      G      0.0            0.0            4.925414E-01   1.577026E-01  -3.851979E-01   0.0
            93      G      0.0            0.0            3.703494E-01   5.281740E-01   2.657153E+00   0.0
            94      G      0.0            0.0            1.513782E-02   7.593025E-01   4.051476E+00   0.0
            95      G      0.0            0.0           -3.457727E-01   5.662158E-01   2.772984E+00   0.0
            96      G      0.0            0.0           -4.779897E-01   4.283161E-01  -3.094579E-01   0.0
            97      G      0.0            0.0           -2.666684E-01   3.456729E-01  -3.797863E+00   0.0
            98      G      0.0            0.0            2.410351E-01   5.375862E-01  -6.059050E+00   0.0
            99      G      0.0            0.0            9.058148E-01   9.948174E-01  -7.055961E+00   0.0
           100      G      0.0            0.0           -1.179923E+00  -2.616384E+00  -8.396597E+00   0.0
1    MSC.NASTRAN JOB CREATED ON 09-NOV-20 AT 15:26:16                      NOVEMBER   9, 2020  MSC Nastran  3/11/18   PAGE    54
     DEFAULT                                                                                                                        
0                                                                                                            SUBCASE 1              
      EIGENVALUE =  1.448041E+05
          CYCLES =  6.056345E+01         R E A L   E I G E N V E C T O R   N O .         10
 
      POINT ID.   TYPE          T1             T2             T3             R1             R2             R3
           101      G      0.0            0.0           -3.893642E-01  -1.341939E+00  -7.221742E+00   0.0
           102      G      0.0            0.0            2.339272E-01   1.196051E-01  -4.917961E+00   0.0
           103      G      0.0            0.0            5.443520E-01   9.102197E-01  -1.138297E+00   0.0
           104      G      0.0            0.0            4.617502E-01   1.298469E+00   2.628366E+00   0.0
           105      G      0.0            0.0            9.218343E-02   7.604019E-01   4.368145E+00   0.0
           106      G      0.0            0.0           -3.109920E-01   9.036609E-02   3.286722E+00   0.0
           107      G      0.0            0.0           -4.808696E-01  -5.308371E-01  -7.997296E-02   0.0
           108      G      0.0            0.0           -2.800501E-01  -6.611319E-01  -3.821811E+00   0.0
           109      G      0.0            0.0            2.467009E-01  -4.738102E-01  -6.413625E+00   0.0
           110      G      0.0            0.0            9.539699E-01  -8.860592E-02  -7.551822E+00   0.0
           111      G      0.0            0.0           -1.402041E+00  -1.803545E+00  -9.409459E+00   0.0
           112      G      0.0            0.0           -4.741593E-01  -3.368190E-01  -8.945186E+00   0.0
           113      G      0.0            0.0            3.229849E-01   1.689701E+00  -6.630168E+00   0.0
           114      G      0.0            0.0            7.533571E-01   3.299437E+00  -1.795834E+00   0.0
           115      G      0.0            0.0            6.694683E-01   2.875648E+00   3.314492E+00   0.0
           116      G      0.0            0.0            1.853420E-01   1.100153E+00   5.945527E+00   0.0
           117      G      0.0            0.0           -3.681152E-01  -1.254747E+00   4.680073E+00   0.0
           118      G      0.0            0.0           -6.352355E-01  -2.586965E+00   4.479064E-01   0.0
           119      G      0.0            0.0           -4.375449E-01  -2.511804E+00  -4.286817E+00   0.0
           120      G      0.0            0.0            1.470224E-01  -1.528305E+00  -7.089941E+00   0.0
           121      G      0.0            0.0            9.084951E-01  -8.257101E-01  -7.952924E+00   0.0
1    MSC.NASTRAN JOB CREATED ON 09-NOV-20 AT 15:26:16                      NOVEMBER   9, 2020  MSC Nastran  3/11/18   PAGE    55
     DEFAULT                                                                                                                        
0                                                                                                            SUBCASE 1              
      EIGENVALUE =  1.642111E+05
          CYCLES =  6.449431E+01         R E A L   E I G E N V E C T O R   N O .         11
 
      POINT ID.   TYPE          T1             T2             T3             R1             R2             R3
             1      G      0.0            0.0           -2.660572E-01   9.448359E+00   7.335363E+00   0.0
             2      G      0.0            0.0           -9.355170E-01   9.860444E+00   5.969964E+00   0.0
             3      G      0.0            0.0           -1.374641E+00   1.032853E+01   2.657636E+00   0.0
             4      G      0.0            0.0           -1.421948E+00   9.829272E+00  -1.724872E+00   0.0
             5      G      0.0            0.0           -1.065738E+00   7.623453E+00  -5.213159E+00   0.0
             6      G      0.0            0.0           -4.895073E-01   4.596215E+00  -6.012167E+00   0.0
             7      G      0.0            0.0            1.161108E-02   1.854351E+00  -3.760769E+00   0.0
             8      G      0.0            0.0            1.911044E-01   5.585283E-01   2.346691E-01   0.0
             9      G      0.0            0.0           -1.854536E-02   8.996685E-01   3.813267E+00   0.0
            10      G      0.0            0.0           -4.897632E-01   2.042833E+00   5.373002E+00   0.0
            11      G      0.0            0.0           -1.045123E+00   2.924308E+00   5.624129E+00   0.0
            12      G      0.0            0.0            5.987655E-01   7.622125E+00   7.592272E+00   0.0
            13      G      0.0            0.0           -4.994814E-02   7.634076E+00   5.318962E+00   0.0
            14      G      0.0            0.0           -4.501386E-01   7.963008E+00   2.550345E+00   0.0
            15      G      0.0            0.0           -5.490708E-01   7.445501E+00  -5.946963E-01   0.0
            16      G      0.0            0.0           -3.644610E-01   6.231183E+00  -2.955217E+00   0.0
            17      G      0.0            0.0           -3.177570E-02   4.395139E+00  -3.464662E+00   0.0
            18      G      0.0            0.0            2.501200E-01   2.762930E+00  -1.981345E+00   0.0
            19      G      0.0            0.0            3.165499E-01   1.813946E+00   6.894929E-01   0.0
            20      G      0.0            0.0            1.189163E-01   1.734836E+00   3.126683E+00   0.0
            21      G      0.0            0.0           -2.681863E-01   2.293166E+00   4.404049E+00   0.0
            22      G      0.0            0.0           -7.326432E-01   3.229952E+00   4.785589E+00   0.0
            23      G      0.0            0.0            1.134122E+00   2.759060E+00   7.222871E+00   0.0
            24      G      0.0            0.0            5.404135E-01   3.845663E+00   4.631749E+00   0.0
            25      G      0.0            0.0            1.921507E-01   4.548489E+00   2.226982E+00   0.0
            26      G      0.0            0.0            7.811798E-02   4.778944E+00   3.145644E-02   0.0
            27      G      0.0            0.0            1.583472E-01   3.932803E+00  -1.536842E+00   0.0
            28      G      0.0            0.0            3.387772E-01   2.764647E+00  -1.899686E+00   0.0
            29      G      0.0            0.0            4.814854E-01   1.652812E+00  -8.179594E-01   0.0
            30      G      0.0            0.0            4.708846E-01   1.091972E+00   1.043841E+00   0.0
            31      G      0.0            0.0            2.748485E-01   1.218659E+00   2.753815E+00   0.0
            32      G      0.0            0.0           -4.851498E-02   1.934428E+00   3.532615E+00   0.0
            33      G      0.0            0.0           -4.026636E-01   3.183950E+00   3.460095E+00   0.0
            34      G      0.0            0.0            1.094052E+00  -3.585341E+00   5.860296E+00   0.0
            35      G      0.0            0.0            6.741862E-01  -1.241873E+00   2.557144E+00   0.0
            36      G      0.0            0.0            4.665554E-01   8.395710E-01   1.540558E+00   0.0
            37      G      0.0            0.0            3.727361E-01   9.921586E-01   3.131915E-01   0.0
            38      G      0.0            0.0            3.956368E-01   7.034206E-01  -7.078031E-01   0.0
            39      G      0.0            0.0            4.794684E-01  -3.710028E-02  -8.598563E-01   0.0
            40      G      0.0            0.0            5.349421E-01  -6.447735E-01  -1.647308E-01   0.0
            41      G      0.0            0.0            4.901152E-01  -7.566810E-01   1.060076E+00   0.0
            42      G      0.0            0.0            3.265405E-01  -2.393187E-01   2.115888E+00   0.0
            43      G      0.0            0.0            8.985144E-02   7.594019E-01   2.483313E+00   0.0
            44      G      0.0            0.0           -1.374408E-01   2.019044E+00   1.991567E+00   0.0
            45      G      0.0            0.0            4.665358E-01  -8.569831E+00  -6.793181E-01   0.0
            46      G      0.0            0.0            4.492769E-01  -2.933494E+00   1.096320E+00   0.0
            47      G      0.0            0.0            3.539041E-01  -2.857716E+00   7.800507E-01   0.0
            48      G      0.0            0.0            3.047697E-01  -2.153583E+00   1.937826E-01   0.0
            49      G      0.0            0.0            3.073538E-01  -2.288843E+00  -2.171516E-01   0.0
            50      G      0.0            0.0            3.362072E-01  -2.648598E+00  -3.070226E-01   0.0
1    MSC.NASTRAN JOB CREATED ON 09-NOV-20 AT 15:26:16                      NOVEMBER   9, 2020  MSC Nastran  3/11/18   PAGE    56
     DEFAULT                                                                                                                        
0                                                                                                            SUBCASE 1              
      EIGENVALUE =  1.642111E+05
          CYCLES =  6.449431E+01         R E A L   E I G E N V E C T O R   N O .         11
 
      POINT ID.   TYPE          T1             T2             T3             R1             R2             R3
            51      G      0.0            0.0            3.503327E-01  -2.871274E+00   6.370806E-02   0.0
            52      G      0.0            0.0            3.140587E-01  -2.603531E+00   6.572929E-01   0.0
            53      G      0.0            0.0            2.204403E-01  -1.751514E+00   1.162297E+00   0.0
            54      G      0.0            0.0            9.519815E-02  -5.566660E-01   1.270383E+00   0.0
            55      G      0.0            0.0           -1.238343E-02   5.482146E-01   8.416888E-01   0.0
            56      G      0.0            0.0            0.0            0.0            0.0            0.0
            57      G      0.0            0.0            2.263527E-08  -5.504021E+00  -6.226847E-07   0.0
            58      G      0.0            0.0            1.131725E-07  -3.756888E+00  -1.174219E-06   0.0
            59      G      0.0            0.0            1.844671E-07  -3.530579E+00  -2.516048E-07   0.0
            60      G      0.0            0.0            2.297658E-07  -3.473634E+00  -6.110840E-07   0.0
            61      G      0.0            0.0            2.483965E-07  -3.708714E+00   2.249839E-07   0.0
            62      G      0.0            0.0            2.185481E-07  -3.789208E+00   3.611780E-07   0.0
            63      G      0.0            0.0            1.621677E-07  -3.365007E+00   7.277119E-07   0.0
            64      G      0.0            0.0            8.317650E-08  -2.389685E+00   8.311294E-07   0.0
            65      G      0.0            0.0            7.767661E-09  -1.124697E+00   6.497078E-07   0.0
            66      G      0.0            0.0           -9.029257E-08  -1.067051E-01   1.323027E-06   0.0
            67      G      0.0            0.0           -4.665420E-01  -8.569852E+00   6.792889E-01   0.0
            68      G      0.0            0.0           -4.492808E-01  -2.933473E+00  -1.096337E+00   0.0
            69      G      0.0            0.0           -3.539067E-01  -2.857694E+00  -7.800594E-01   0.0
            70      G      0.0            0.0           -3.047717E-01  -2.153561E+00  -1.937864E-01   0.0
            71      G      0.0            0.0           -3.073557E-01  -2.288823E+00   2.171547E-01   0.0
            72      G      0.0            0.0           -3.362096E-01  -2.648580E+00   3.070264E-01   0.0
            73      G      0.0            0.0           -3.503353E-01  -2.871259E+00  -6.370659E-02   0.0
            74      G      0.0            0.0           -3.140612E-01  -2.603519E+00  -6.572974E-01   0.0
            75      G      0.0            0.0           -2.204421E-01  -1.751503E+00  -1.162306E+00   0.0
            76      G      0.0            0.0           -9.519885E-02  -5.566564E-01  -1.270394E+00   0.0
            77      G      0.0            0.0            1.238375E-02   5.482267E-01  -8.416976E-01   0.0
            78      G      0.0            0.0           -1.094052E+00  -3.585341E+00  -5.860304E+00   0.0
            79      G      0.0            0.0           -6.741864E-01  -1.241872E+00  -2.557144E+00   0.0
            80      G      0.0            0.0           -4.665555E-01   8.395708E-01  -1.540560E+00   0.0
            81      G      0.0            0.0           -3.727361E-01   9.921588E-01  -3.131920E-01   0.0
            82      G      0.0            0.0           -3.956367E-01   7.034195E-01   7.078024E-01   0.0
            83      G      0.0            0.0           -4.794683E-01  -3.710124E-02   8.598566E-01   0.0
            84      G      0.0            0.0           -5.349420E-01  -6.447748E-01   1.647311E-01   0.0
            85      G      0.0            0.0           -4.901152E-01  -7.566816E-01  -1.060076E+00   0.0
            86      G      0.0            0.0           -3.265405E-01  -2.393189E-01  -2.115888E+00   0.0
            87      G      0.0            0.0           -8.985149E-02   7.594031E-01  -2.483313E+00   0.0
            88      G      0.0            0.0            1.374407E-01   2.019046E+00  -1.991566E+00   0.0
            89      G      0.0            0.0           -1.134122E+00   2.759065E+00  -7.222874E+00   0.0
            90      G      0.0            0.0           -5.404137E-01   3.845664E+00  -4.631751E+00   0.0
            91      G      0.0            0.0           -1.921507E-01   4.548491E+00  -2.226982E+00   0.0
            92      G      0.0            0.0           -7.811795E-02   4.778943E+00  -3.145710E-02   0.0
            93      G      0.0            0.0           -1.583472E-01   3.932802E+00   1.536843E+00   0.0
            94      G      0.0            0.0           -3.387772E-01   2.764645E+00   1.899687E+00   0.0
            95      G      0.0            0.0           -4.814854E-01   1.652811E+00   8.179597E-01   0.0
            96      G      0.0            0.0           -4.708846E-01   1.091971E+00  -1.043842E+00   0.0
            97      G      0.0            0.0           -2.748485E-01   1.218659E+00  -2.753816E+00   0.0
            98      G      0.0            0.0            4.851504E-02   1.934428E+00  -3.532616E+00   0.0
            99      G      0.0            0.0            4.026638E-01   3.183953E+00  -3.460096E+00   0.0
           100      G      0.0            0.0           -5.987655E-01   7.622128E+00  -7.592273E+00   0.0
1    MSC.NASTRAN JOB CREATED ON 09-NOV-20 AT 15:26:16                      NOVEMBER   9, 2020  MSC Nastran  3/11/18   PAGE    57
     DEFAULT                                                                                                                        
0                                                                                                            SUBCASE 1              
      EIGENVALUE =  1.642111E+05
          CYCLES =  6.449431E+01         R E A L   E I G E N V E C T O R   N O .         11
 
      POINT ID.   TYPE          T1             T2             T3             R1             R2             R3
           101      G      0.0            0.0            4.994822E-02   7.634080E+00  -5.318963E+00   0.0
           102      G      0.0            0.0            4.501387E-01   7.963009E+00  -2.550345E+00   0.0
           103      G      0.0            0.0            5.490709E-01   7.445502E+00   5.946975E-01   0.0
           104      G      0.0            0.0            3.644610E-01   6.231182E+00   2.955218E+00   0.0
           105      G      0.0            0.0            3.177554E-02   4.395137E+00   3.464663E+00   0.0
           106      G      0.0            0.0           -2.501202E-01   2.762928E+00   1.981345E+00   0.0
           107      G      0.0            0.0           -3.165501E-01   1.813945E+00  -6.894938E-01   0.0
           108      G      0.0            0.0           -1.189164E-01   1.734835E+00  -3.126685E+00   0.0
           109      G      0.0            0.0            2.681864E-01   2.293167E+00  -4.404051E+00   0.0
           110      G      0.0            0.0            7.326436E-01   3.229954E+00  -4.785592E+00   0.0
           111      G      0.0            0.0            2.660575E-01   9.448364E+00  -7.335364E+00   0.0
           112      G      0.0            0.0            9.355174E-01   9.860446E+00  -5.969964E+00   0.0
           113      G      0.0            0.0            1.374641E+00   1.032853E+01  -2.657634E+00   0.0
           114      G      0.0            0.0            1.421948E+00   9.829273E+00   1.724875E+00   0.0
           115      G      0.0            0.0            1.065738E+00   7.623453E+00   5.213162E+00   0.0
           116      G      0.0            0.0            4.895070E-01   4.596213E+00   6.012168E+00   0.0
           117      G      0.0            0.0           -1.161150E-02   1.854349E+00   3.760769E+00   0.0
           118      G      0.0            0.0           -1.911047E-01   5.585262E-01  -2.346710E-01   0.0
           119      G      0.0            0.0            1.854529E-02   8.996680E-01  -3.813270E+00   0.0
           120      G      0.0            0.0            4.897634E-01   2.042834E+00  -5.373005E+00   0.0
           121      G      0.0            0.0            1.045123E+00   2.924310E+00  -5.624132E+00   0.0
1    MSC.NASTRAN JOB CREATED ON 09-NOV-20 AT 15:26:16                      NOVEMBER   9, 2020  MSC Nastran  3/11/18   PAGE    58
     DEFAULT                                                                                                                        
0                                                                                                            SUBCASE 1              
      EIGENVALUE =  2.378466E+05
          CYCLES =  7.761910E+01         R E A L   E I G E N V E C T O R   N O .         12
 
      POINT ID.   TYPE          T1             T2             T3             R1             R2             R3
             1      G      0.0            0.0            5.132343E-01  -1.058941E+01  -5.870820E+00   0.0
             2      G      0.0            0.0            9.978304E-01  -1.011566E+01  -3.853404E+00   0.0
             3      G      0.0            0.0            1.186974E+00  -9.582328E+00   1.477832E-01   0.0
             4      G      0.0            0.0            9.343594E-01  -6.480527E+00   4.887201E+00   0.0
             5      G      0.0            0.0            2.908226E-01  -2.226416E+00   7.810509E+00   0.0
             6      G      0.0            0.0           -4.654105E-01   3.018945E+00   7.059500E+00   0.0
             7      G      0.0            0.0           -9.707531E-01   5.999084E+00   2.852370E+00   0.0
             8      G      0.0            0.0           -9.700310E-01   6.284337E+00  -2.883027E+00   0.0
             9      G      0.0            0.0           -4.598890E-01   3.373662E+00  -7.147372E+00   0.0
            10      G      0.0            0.0            3.230845E-01  -2.046796E-01  -8.270641E+00   0.0
            11      G      0.0            0.0            1.149724E+00  -2.632127E+00  -8.186616E+00   0.0
            12      G      0.0            0.0           -4.452344E-01  -8.344225E+00  -6.289150E+00   0.0
            13      G      0.0            0.0            7.834186E-02  -8.063317E+00  -4.253399E+00   0.0
            14      G      0.0            0.0            3.620064E-01  -6.746739E+00  -1.341005E+00   0.0
            15      G      0.0            0.0            3.567007E-01  -4.959178E+00   1.484449E+00   0.0
            16      G      0.0            0.0            1.167666E-01  -1.187671E+00   3.257321E+00   0.0
            17      G      0.0            0.0           -2.183817E-01   1.944210E+00   3.309613E+00   0.0
            18      G      0.0            0.0           -4.537257E-01   4.337314E+00   1.283245E+00   0.0
            19      G      0.0            0.0           -4.459167E-01   4.173003E+00  -1.458739E+00   0.0
            20      G      0.0            0.0           -1.768741E-01   2.251855E+00  -3.822700E+00   0.0
            21      G      0.0            0.0            2.693062E-01  -9.101770E-01  -4.958415E+00   0.0
            22      G      0.0            0.0            8.173246E-01  -4.035360E+00  -5.963131E+00   0.0
            23      G      0.0            0.0           -1.044900E+00  -3.301004E+00  -6.963434E+00   0.0
            24      G      0.0            0.0           -5.227191E-01  -3.621919E+00  -3.653534E+00   0.0
            25      G      0.0            0.0           -2.227088E-01  -4.668898E+00  -2.321529E+00   0.0
            26      G      0.0            0.0           -4.416266E-02  -2.856465E+00  -1.147878E+00   0.0
            27      G      0.0            0.0            1.181851E-02  -8.452112E-01   8.319139E-02   0.0
            28      G      0.0            0.0           -8.833760E-03   2.205447E+00   3.461454E-01   0.0
            29      G      0.0            0.0           -4.733689E-02   3.666211E+00   3.907405E-01   0.0
            30      G      0.0            0.0           -5.271135E-02   3.562836E+00  -3.051699E-01   0.0
            31      G      0.0            0.0            5.854519E-03   1.322604E+00  -8.656799E-01   0.0
            32      G      0.0            0.0            1.215113E-01  -2.040208E+00  -1.423431E+00   0.0
            33      G      0.0            0.0            2.940987E-01  -6.334701E+00  -2.026405E+00   0.0
            34      G      0.0            0.0           -9.605088E-01   4.980496E+00  -3.516964E+00   0.0
            35      G      0.0            0.0           -7.084150E-01  -6.732987E-02  -1.881348E+00   0.0
            36      G      0.0            0.0           -5.036247E-01  -8.755091E-01  -2.257574E+00   0.0
            37      G      0.0            0.0           -2.758534E-01  -1.757863E+00  -2.203151E+00   0.0
            38      G      0.0            0.0           -2.085216E-02   1.662340E-01  -2.700920E+00   0.0
            39      G      0.0            0.0            1.969626E-01   1.785239E+00  -1.519343E+00   0.0
            40      G      0.0            0.0            2.974524E-01   3.070448E+00  -4.267648E-01   0.0
            41      G      0.0            0.0            2.616044E-01   2.576986E+00   1.100940E+00   0.0
            42      G      0.0            0.0            1.080235E-01   6.636190E-01   1.873560E+00   0.0
            43      G      0.0            0.0           -1.082052E-01  -2.499852E+00   2.343387E+00   0.0
            44      G      0.0            0.0           -3.596198E-01  -6.573394E+00   2.649309E+00   0.0
            45      G      0.0            0.0           -3.668850E-01   6.347887E+00   2.383925E+00   0.0
            46      G      0.0            0.0           -5.241920E-01   3.382542E+00   2.037150E-01   0.0
            47      G      0.0            0.0           -5.467634E-01  -2.800187E-01   1.604261E-02   0.0
            48      G      0.0            0.0           -3.660859E-01  -1.953963E-01  -3.478680E+00   0.0
            49      G      0.0            0.0            1.795441E-03   1.258914E-01  -3.639011E+00   0.0
            50      G      0.0            0.0            3.542137E-01   1.212178E+00  -3.152163E+00   0.0
1    MSC.NASTRAN JOB CREATED ON 09-NOV-20 AT 15:26:16                      NOVEMBER   9, 2020  MSC Nastran  3/11/18   PAGE    59
     DEFAULT                                                                                                                        
0                                                                                                            SUBCASE 1              
      EIGENVALUE =  2.378466E+05
          CYCLES =  7.761910E+01         R E A L   E I G E N V E C T O R   N O .         12
 
      POINT ID.   TYPE          T1             T2             T3             R1             R2             R3
            51      G      0.0            0.0            5.423376E-01   1.664655E+00  -5.021902E-01   0.0
            52      G      0.0            0.0            4.671599E-01   1.422091E+00   1.960884E+00   0.0
            53      G      0.0            0.0            1.523754E-01   1.859013E-01   4.151778E+00   0.0
            54      G      0.0            0.0           -3.200903E-01  -1.674181E+00   5.093987E+00   0.0
            55      G      0.0            0.0           -9.051798E-01  -4.184114E+00   6.542445E+00   0.0
            56      G      0.0            0.0            0.0            0.0            0.0            0.0
            57      G      0.0            0.0           -3.133933E-01  -9.780758E-05   5.306892E+00   0.0
            58      G      0.0            0.0           -5.401765E-01  -1.004060E-04  -9.379064E-01   0.0
            59      G      0.0            0.0           -3.610373E-01  -9.849357E-05  -2.561942E+00   0.0
            60      G      0.0            0.0            1.604616E-02  -6.887130E-05  -4.671684E+00   0.0
            61      G      0.0            0.0            4.217213E-01  -2.176256E-05  -3.176322E+00   0.0
            62      G      0.0            0.0            6.300438E-01   2.807678E-05  -8.431437E-01   0.0
            63      G      0.0            0.0            5.416537E-01   6.552819E-05   2.549573E+00   0.0
            64      G      0.0            0.0            1.626765E-01   8.448350E-05   4.824003E+00   0.0
            65      G      0.0            0.0           -4.046993E-01   9.397351E-05   6.278854E+00   0.0
            66      G      0.0            0.0           -1.117156E+00   1.225087E-04   7.895553E+00   0.0
            67      G      0.0            0.0           -3.669009E-01  -6.348091E+00   2.383968E+00   0.0
            68      G      0.0            0.0           -5.242103E-01  -3.382638E+00   2.037201E-01   0.0
            69      G      0.0            0.0           -5.467824E-01   2.798696E-01   1.604908E-02   0.0
            70      G      0.0            0.0           -3.661039E-01   1.952574E-01  -3.478708E+00   0.0
            71      G      0.0            0.0            1.782267E-03  -1.259977E-01  -3.639077E+00   0.0
            72      G      0.0            0.0            3.542085E-01  -1.212217E+00  -3.152251E+00   0.0
            73      G      0.0            0.0            5.423412E-01  -1.664621E+00  -5.022722E-01   0.0
            74      G      0.0            0.0            4.671707E-01  -1.422000E+00   1.960828E+00   0.0
            75      G      0.0            0.0            1.523903E-01  -1.857828E-01   4.151750E+00   0.0
            76      G      0.0            0.0           -3.200727E-01   1.674311E+00   5.093960E+00   0.0
            77      G      0.0            0.0           -9.051559E-01   4.184285E+00   6.542345E+00   0.0
            78      G      0.0            0.0           -9.605261E-01  -4.980439E+00  -3.516987E+00   0.0
            79      G      0.0            0.0           -7.084357E-01   6.734447E-02  -1.881264E+00   0.0
            80      G      0.0            0.0           -5.036521E-01   8.755030E-01  -2.257530E+00   0.0
            81      G      0.0            0.0           -2.758812E-01   1.757827E+00  -2.203188E+00   0.0
            82      G      0.0            0.0           -2.087183E-02  -1.662601E-01  -2.701040E+00   0.0
            83      G      0.0            0.0            1.969574E-01  -1.785235E+00  -1.519499E+00   0.0
            84      G      0.0            0.0            2.974621E-01  -3.070414E+00  -4.268956E-01   0.0
            85      G      0.0            0.0            2.616239E-01  -2.576948E+00   1.100880E+00   0.0
            86      G      0.0            0.0            1.080455E-01  -6.636098E-01   1.873568E+00   0.0
            87      G      0.0            0.0           -1.081851E-01   2.499808E+00   2.343414E+00   0.0
            88      G      0.0            0.0           -3.595981E-01   6.573283E+00   2.649246E+00   0.0
            89      G      0.0            0.0           -1.044900E+00   3.301294E+00  -6.963358E+00   0.0
            90      G      0.0            0.0           -5.227290E-01   3.622114E+00  -3.653411E+00   0.0
            91      G      0.0            0.0           -2.227300E-01   4.669025E+00  -2.321437E+00   0.0
            92      G      0.0            0.0           -4.418801E-02   2.856548E+00  -1.147891E+00   0.0
            93      G      0.0            0.0            1.180025E-02   8.452634E-01   8.306969E-02   0.0
            94      G      0.0            0.0           -8.836824E-03  -2.205409E+00   3.459776E-01   0.0
            95      G      0.0            0.0           -4.732460E-02  -3.666192E+00   3.906158E-01   0.0
            96      G      0.0            0.0           -5.269134E-02  -3.562862E+00  -3.051929E-01   0.0
            97      G      0.0            0.0            5.871789E-03  -1.322705E+00  -8.656053E-01   0.0
            98      G      0.0            0.0            1.215190E-01   2.040011E+00  -1.423323E+00   0.0
            99      G      0.0            0.0            2.940976E-01   6.334367E+00  -2.026343E+00   0.0
           100      G      0.0            0.0           -4.451990E-01   8.344614E+00  -6.288954E+00   0.0
1    MSC.NASTRAN JOB CREATED ON 09-NOV-20 AT 15:26:16                      NOVEMBER   9, 2020  MSC Nastran  3/11/18   PAGE    60
     DEFAULT                                                                                                                        
0                                                                                                            SUBCASE 1              
      EIGENVALUE =  2.378466E+05
          CYCLES =  7.761910E+01         R E A L   E I G E N V E C T O R   N O .         12
 
      POINT ID.   TYPE          T1             T2             T3             R1             R2             R3
           101      G      0.0            0.0            7.835674E-02   8.063602E+00  -4.253191E+00   0.0
           102      G      0.0            0.0            3.620023E-01   6.746942E+00  -1.340846E+00   0.0
           103      G      0.0            0.0            3.566865E-01   4.959308E+00   1.484486E+00   0.0
           104      G      0.0            0.0            1.167557E-01   1.187759E+00   3.257225E+00   0.0
           105      G      0.0            0.0           -2.183797E-01  -1.944150E+00   3.309465E+00   0.0
           106      G      0.0            0.0           -4.537113E-01  -4.337290E+00   1.283161E+00   0.0
           107      G      0.0            0.0           -4.459005E-01  -4.173048E+00  -1.458685E+00   0.0
           108      G      0.0            0.0           -1.768698E-01  -2.252004E+00  -3.822523E+00   0.0
           109      G      0.0            0.0            2.692899E-01   9.099083E-01  -4.958193E+00   0.0
           110      G      0.0            0.0            8.172859E-01   4.034960E+00  -5.962909E+00   0.0
           111      G      0.0            0.0            5.133095E-01   1.058981E+01  -5.870531E+00   0.0
           112      G      0.0            0.0            9.978754E-01   1.011597E+01  -3.853099E+00   0.0
           113      G      0.0            0.0            1.186989E+00   9.582509E+00   1.480521E-01   0.0
           114      G      0.0            0.0            9.343559E-01   6.480602E+00   4.887303E+00   0.0
           115      G      0.0            0.0            2.908185E-01   2.226461E+00   7.810425E+00   0.0
           116      G      0.0            0.0           -4.654018E-01  -3.018873E+00   7.059345E+00   0.0
           117      G      0.0            0.0           -9.707332E-01  -5.998999E+00   2.852318E+00   0.0
           118      G      0.0            0.0           -9.700161E-01  -6.284312E+00  -2.882872E+00   0.0
           119      G      0.0            0.0           -4.598986E-01  -3.373785E+00  -7.147046E+00   0.0
           120      G      0.0            0.0            3.230402E-01   2.043942E-01  -8.270287E+00   0.0
           121      G      0.0            0.0            1.149645E+00   2.631734E+00  -8.186286E+00   0.0
1    MSC.NASTRAN JOB CREATED ON 09-NOV-20 AT 15:26:16                      NOVEMBER   9, 2020  MSC Nastran  3/11/18   PAGE    61
     DEFAULT                                                                                                                        
0                                                                                                            SUBCASE 1              
      EIGENVALUE =  2.387157E+05
          CYCLES =  7.776079E+01         R E A L   E I G E N V E C T O R   N O .         13
 
      POINT ID.   TYPE          T1             T2             T3             R1             R2             R3
             1      G      0.0            0.0           -1.832802E+00   9.759262E+00  -6.966987E+00   0.0
             2      G      0.0            0.0           -1.105983E+00   7.645722E+00  -7.389062E+00   0.0
             3      G      0.0            0.0           -3.916683E-01   4.522299E+00  -6.520370E+00   0.0
             4      G      0.0            0.0            6.953288E-02   1.970162E+00  -2.495627E+00   0.0
             5      G      0.0            0.0            8.630832E-02   1.190474E+00   2.024737E+00   0.0
             6      G      0.0            0.0           -2.210689E-01   1.834873E+00   3.728266E+00   0.0
             7      G      0.0            0.0           -4.889954E-01   2.153434E+00   1.246423E+00   0.0
             8      G      0.0            0.0           -3.672251E-01   6.449632E-01  -3.791818E+00   0.0
             9      G      0.0            0.0            2.295295E-01  -2.960382E+00  -7.911251E+00   0.0
            10      G      0.0            0.0            1.073350E+00  -6.918838E+00  -8.580869E+00   0.0
            11      G      0.0            0.0            1.911176E+00  -9.538070E+00  -8.015585E+00   0.0
            12      G      0.0            0.0           -8.545817E-01   9.566687E+00  -4.687402E+00   0.0
            13      G      0.0            0.0           -3.618735E-01   7.020745E+00  -5.002749E+00   0.0
            14      G      0.0            0.0            9.611388E-02   5.029940E+00  -3.847722E+00   0.0
            15      G      0.0            0.0            3.409786E-01   3.284656E+00  -8.981598E-01   0.0
            16      G      0.0            0.0            2.633016E-01   2.229855E+00   2.301102E+00   0.0
            17      G      0.0            0.0           -5.002017E-02   1.538889E+00   3.586026E+00   0.0
            18      G      0.0            0.0           -3.496129E-01   6.625678E-01   2.031174E+00   0.0
            19      G      0.0            0.0           -3.923766E-01  -1.057663E+00  -1.318878E+00   0.0
            20      G      0.0            0.0           -1.043395E-01  -3.586636E+00  -4.289071E+00   0.0
            21      G      0.0            0.0            3.943832E-01  -6.508936E+00  -5.390654E+00   0.0
            22      G      0.0            0.0            9.388444E-01  -9.726511E+00  -5.363602E+00   0.0
            23      G      0.0            0.0            1.029088E-03   7.079158E+00  -1.768137E+00   0.0
            24      G      0.0            0.0            2.474238E-01   4.768730E+00  -2.992626E+00   0.0
            25      G      0.0            0.0            5.203255E-01   3.122491E+00  -2.221948E+00   0.0
            26      G      0.0            0.0            6.208032E-01   2.058074E+00   3.123852E-01   0.0
            27      G      0.0            0.0            4.494576E-01   1.321454E+00   2.955455E+00   0.0
            28      G      0.0            0.0            8.081533E-02   9.957450E-01   4.067151E+00   0.0
            29      G      0.0            0.0           -2.925334E-01   4.945078E-01   3.047618E+00   0.0
            30      G      0.0            0.0           -4.817756E-01  -6.076316E-01   5.713748E-01   0.0
            31      G      0.0            0.0           -4.173353E-01  -2.441982E+00  -1.782418E+00   0.0
            32      G      0.0            0.0           -1.865507E-01  -4.780315E+00  -2.624136E+00   0.0
            33      G      0.0            0.0            2.575831E-02  -8.113409E+00  -1.495151E+00   0.0
            34      G      0.0            0.0            4.286869E-01   1.285403E+00   5.469464E-01   0.0
            35      G      0.0            0.0            5.091157E-01   3.147732E-01  -2.005044E+00   0.0
            36      G      0.0            0.0            6.726432E-01  -1.821696E-01  -1.087218E+00   0.0
            37      G      0.0            0.0            6.833565E-01  -8.814694E-01   9.240391E-01   0.0
            38      G      0.0            0.0            4.857315E-01  -6.437669E-01   2.891323E+00   0.0
            39      G      0.0            0.0            1.363311E-01   8.451618E-02   3.816850E+00   0.0
            40      G      0.0            0.0           -2.276389E-01   7.985080E-01   3.178674E+00   0.0
            41      G      0.0            0.0           -4.686266E-01   9.088759E-01   1.487349E+00   0.0
            42      G      0.0            0.0           -5.333470E-01   2.224621E-01  -1.709418E-01   0.0
            43      G      0.0            0.0           -4.875012E-01  -1.068525E+00  -6.190712E-01   0.0
            44      G      0.0            0.0           -5.265761E-01  -2.695229E+00   1.504491E+00   0.0
            45      G      0.0            0.0            2.564278E-01  -4.440245E+00  -1.605522E+00   0.0
            46      G      0.0            0.0            3.901776E-01  -2.408910E+00  -9.475363E-01   0.0
            47      G      0.0            0.0            4.612273E-01  -3.793068E+00  -3.857090E-01   0.0
            48      G      0.0            0.0            4.463019E-01  -3.642534E+00   7.064710E-01   0.0
            49      G      0.0            0.0            3.155104E-01  -2.614460E+00   1.827363E+00   0.0
            50      G      0.0            0.0            9.954496E-02  -7.667189E-01   2.335109E+00   0.0
1    MSC.NASTRAN JOB CREATED ON 09-NOV-20 AT 15:26:16                      NOVEMBER   9, 2020  MSC Nastran  3/11/18   PAGE    62
     DEFAULT                                                                                                                        
0                                                                                                            SUBCASE 1              
      EIGENVALUE =  2.387157E+05
          CYCLES =  7.776079E+01         R E A L   E I G E N V E C T O R   N O .         13
 
      POINT ID.   TYPE          T1             T2             T3             R1             R2             R3
            51      G      0.0            0.0           -1.275406E-01   1.162740E+00   2.045645E+00   0.0
            52      G      0.0            0.0           -2.932220E-01   2.488513E+00   1.174347E+00   0.0
            53      G      0.0            0.0           -3.679581E-01   2.939736E+00   3.189565E-01   0.0
            54      G      0.0            0.0           -3.900929E-01   2.864961E+00   1.812102E-01   0.0
            55      G      0.0            0.0           -4.867969E-01   3.343756E+00   1.812397E+00   0.0
            56      G      0.0            0.0            0.0            0.0            0.0            0.0
            57      G      0.0            0.0            6.505521E-06  -4.826141E+00  -1.103071E-04   0.0
            58      G      0.0            0.0            1.128139E-05  -4.922149E+00   1.828937E-05   0.0
            59      G      0.0            0.0            7.630977E-06  -4.864325E+00   5.302496E-05   0.0
            60      G      0.0            0.0           -1.650595E-07  -3.412230E+00   9.655161E-05   0.0
            61      G      0.0            0.0           -8.599859E-06  -1.114266E+00   6.663094E-05   0.0
            62      G      0.0            0.0           -1.298898E-05   1.317813E+00   1.807503E-05   0.0
            63      G      0.0            0.0           -1.125137E-05   3.151371E+00  -5.158291E-05   0.0
            64      G      0.0            0.0           -3.478537E-06   4.085979E+00  -9.964109E-05   0.0
            65      G      0.0            0.0            8.188744E-06   4.538242E+00  -1.286046E-04   0.0
            66      G      0.0            0.0            2.290598E-05   5.947946E+00  -1.642128E-04   0.0
            67      G      0.0            0.0           -2.564154E-01  -4.439978E+00   1.605421E+00   0.0
            68      G      0.0            0.0           -3.901589E-01  -2.408745E+00   9.475345E-01   0.0
            69      G      0.0            0.0           -4.612083E-01  -3.793056E+00   3.857125E-01   0.0
            70      G      0.0            0.0           -4.462902E-01  -3.642523E+00  -7.063340E-01   0.0
            71      G      0.0            0.0           -3.155129E-01  -2.614441E+00  -1.827228E+00   0.0
            72      G      0.0            0.0           -9.956019E-02  -7.666634E-01  -2.334999E+00   0.0
            73      G      0.0            0.0            1.275194E-01   1.162806E+00  -2.045640E+00   0.0
            74      G      0.0            0.0            2.932051E-01   2.488561E+00  -1.174436E+00   0.0
            75      G      0.0            0.0            3.679545E-01   2.939724E+00  -3.191264E-01   0.0
            76      G      0.0            0.0            3.901086E-01   2.864866E+00  -1.814189E-01   0.0
            77      G      0.0            0.0            4.868370E-01   3.343541E+00  -1.812672E+00   0.0
            78      G      0.0            0.0           -4.286477E-01   1.285609E+00  -5.468068E-01   0.0
            79      G      0.0            0.0           -5.090866E-01   3.147718E-01   2.005122E+00   0.0
            80      G      0.0            0.0           -6.726225E-01  -1.822058E-01   1.087309E+00   0.0
            81      G      0.0            0.0           -6.833451E-01  -8.815421E-01  -9.239483E-01   0.0
            82      G      0.0            0.0           -4.857305E-01  -6.437608E-01  -2.891212E+00   0.0
            83      G      0.0            0.0           -1.363391E-01   8.458931E-02  -3.816786E+00   0.0
            84      G      0.0            0.0            2.276266E-01   7.986345E-01  -3.178657E+00   0.0
            85      G      0.0            0.0            4.686158E-01   9.089820E-01  -1.487394E+00   0.0
            86      G      0.0            0.0            5.333426E-01   2.224902E-01   1.708638E-01   0.0
            87      G      0.0            0.0            4.875057E-01  -1.068629E+00   6.189745E-01   0.0
            88      G      0.0            0.0            5.265910E-01  -2.695499E+00  -1.504601E+00   0.0
            89      G      0.0            0.0           -9.861205E-04   7.079026E+00   1.768423E+00   0.0
            90      G      0.0            0.0           -2.474023E-01   4.768581E+00   2.992775E+00   0.0
            91      G      0.0            0.0           -5.203163E-01   3.122299E+00   2.222044E+00   0.0
            92      G      0.0            0.0           -6.208013E-01   2.057955E+00  -3.123383E-01   0.0
            93      G      0.0            0.0           -4.494580E-01   1.321419E+00  -2.955458E+00   0.0
            94      G      0.0            0.0           -8.081496E-02   9.958353E-01  -4.067165E+00   0.0
            95      G      0.0            0.0            2.925354E-01   4.946586E-01  -3.047634E+00   0.0
            96      G      0.0            0.0            4.817777E-01  -6.074844E-01  -5.713625E-01   0.0
            97      G      0.0            0.0            4.173350E-01  -2.441927E+00   1.782453E+00   0.0
            98      G      0.0            0.0            1.865457E-01  -4.780398E+00   2.624194E+00   0.0
            99      G      0.0            0.0           -2.577034E-02  -8.113671E+00   1.495233E+00   0.0
           100      G      0.0            0.0            8.546003E-01   9.566344E+00   4.687663E+00   0.0
1    MSC.NASTRAN JOB CREATED ON 09-NOV-20 AT 15:26:16                      NOVEMBER   9, 2020  MSC Nastran  3/11/18   PAGE    63
     DEFAULT                                                                                                                        
0                                                                                                            SUBCASE 1              
      EIGENVALUE =  2.387157E+05
          CYCLES =  7.776079E+01         R E A L   E I G E N V E C T O R   N O .         13
 
      POINT ID.   TYPE          T1             T2             T3             R1             R2             R3
           101      G      0.0            0.0            3.618704E-01   7.020414E+00   5.002924E+00   0.0
           102      G      0.0            0.0           -9.612877E-02   5.029661E+00   3.847777E+00   0.0
           103      G      0.0            0.0           -3.409934E-01   3.284451E+00   8.980993E-01   0.0
           104      G      0.0            0.0           -2.633065E-01   2.229805E+00  -2.301236E+00   0.0
           105      G      0.0            0.0            5.002911E-02   1.538968E+00  -3.586162E+00   0.0
           106      G      0.0            0.0            3.496316E-01   6.627463E-01  -2.031227E+00   0.0
           107      G      0.0            0.0            3.923950E-01  -1.057491E+00   1.318938E+00   0.0
           108      G      0.0            0.0            1.043468E-01  -3.586542E+00   4.289228E+00   0.0
           109      G      0.0            0.0           -3.943942E-01  -6.508974E+00   5.390858E+00   0.0
           110      G      0.0            0.0           -9.388780E-01  -9.726677E+00   5.363848E+00   0.0
           111      G      0.0            0.0            1.832781E+00   9.758827E+00   6.967230E+00   0.0
           112      G      0.0            0.0            1.105942E+00   7.645305E+00   7.389223E+00   0.0
           113      G      0.0            0.0            3.916193E-01   4.521904E+00   6.520365E+00   0.0
           114      G      0.0            0.0           -6.957152E-02   1.969893E+00   2.495426E+00   0.0
           115      G      0.0            0.0           -8.632048E-02   1.190381E+00  -2.025059E+00   0.0
           116      G      0.0            0.0            2.210879E-01   1.834997E+00  -3.728557E+00   0.0
           117      G      0.0            0.0            4.890353E-01   2.153681E+00  -1.246542E+00   0.0
           118      G      0.0            0.0            3.672650E-01   6.452225E-01   3.791936E+00   0.0
           119      G      0.0            0.0           -2.295106E-01  -2.960243E+00   7.911546E+00   0.0
           120      G      0.0            0.0           -1.073363E+00  -6.918847E+00   8.581210E+00   0.0
           121      G      0.0            0.0           -1.911223E+00  -9.538179E+00   8.015923E+00   0.0
1    MSC.NASTRAN JOB CREATED ON 09-NOV-20 AT 15:26:16                      NOVEMBER   9, 2020  MSC Nastran  3/11/18   PAGE    64
     DEFAULT                                                                                                                        
0                                                                                                            SUBCASE 1              
      EIGENVALUE =  3.792835E+05
          CYCLES =  9.801716E+01         R E A L   E I G E N V E C T O R   N O .         14
 
      POINT ID.   TYPE          T1             T2             T3             R1             R2             R3
             1      G      0.0            0.0           -1.141247E+00   1.280287E+01   5.687204E-01   0.0
             2      G      0.0            0.0           -1.065418E+00   1.005840E+01  -2.158732E+00   0.0
             3      G      0.0            0.0           -6.092662E-01   4.941269E+00  -6.933811E+00   0.0
             4      G      0.0            0.0            2.004506E-01  -1.956301E+00  -9.037548E+00   0.0
             5      G      0.0            0.0            1.001674E+00  -8.364919E+00  -6.707613E+00   0.0
             6      G      0.0            0.0            1.388949E+00  -1.140147E+01  -9.164007E-01   0.0
             7      G      0.0            0.0            1.174000E+00  -9.985310E+00   5.083463E+00   0.0
             8      G      0.0            0.0            5.053161E-01  -4.887987E+00   8.012403E+00   0.0
             9      G      0.0            0.0           -2.431099E-01   1.440031E+00   6.747633E+00   0.0
            10      G      0.0            0.0           -7.259209E-01   6.381791E+00   2.897804E+00   0.0
            11      G      0.0            0.0           -8.981749E-01   9.153240E+00   6.502210E-01   0.0
            12      G      0.0            0.0            8.078773E-02   1.143068E+01   3.724912E+00   0.0
            13      G      0.0            0.0           -1.812413E-01   7.482539E+00   1.430251E+00   0.0
            14      G      0.0            0.0           -1.987042E-01   3.218329E+00  -1.161255E+00   0.0
            15      G      0.0            0.0            5.353659E-04  -1.992229E+00  -2.763751E+00   0.0
            16      G      0.0            0.0            2.577918E-01  -6.377107E+00  -2.252026E+00   0.0
            17      G      0.0            0.0            3.775118E-01  -8.644932E+00  -9.514300E-02   0.0
            18      G      0.0            0.0            2.759798E-01  -7.792820E+00   2.028618E+00   0.0
            19      G      0.0            0.0            3.669704E-02  -4.347764E+00   2.600706E+00   0.0
            20      G      0.0            0.0           -1.581321E-01   3.220457E-01   1.237564E+00   0.0
            21      G      0.0            0.0           -1.677955E-01   4.769224E+00  -9.391083E-01   0.0
            22      G      0.0            0.0           -9.168358E-04   8.722204E+00  -2.272080E+00   0.0
            23      G      0.0            0.0            9.925569E-01   6.407627E+00   7.111267E+00   0.0
            24      G      0.0            0.0            4.116617E-01   4.103987E+00   4.458245E+00   0.0
            25      G      0.0            0.0            4.448816E-02   1.552186E+00   2.714988E+00   0.0
            26      G      0.0            0.0           -1.709859E-01  -1.306397E+00   1.507992E+00   0.0
            27      G      0.0            0.0           -2.893246E-01  -4.242369E+00   8.400214E-01   0.0
            28      G      0.0            0.0           -3.578589E-01  -5.637605E+00   5.078245E-01   0.0
            29      G      0.0            0.0           -3.886283E-01  -5.099239E+00   4.574113E-02   0.0
            30      G      0.0            0.0           -3.365263E-01  -2.850938E+00  -1.123577E+00   0.0
            31      G      0.0            0.0           -1.371514E-01   1.727318E-01  -2.779593E+00   0.0
            32      G      0.0            0.0            2.280347E-01   3.046928E+00  -4.318428E+00   0.0
            33      G      0.0            0.0            7.618756E-01   6.306121E+00  -6.240812E+00   0.0
            34      G      0.0            0.0            1.193311E+00  -2.457652E+00   8.232931E+00   0.0
            35      G      0.0            0.0            5.699251E-01  -9.856381E-01   4.229721E+00   0.0
            36      G      0.0            0.0            1.425946E-01   4.296087E-01   4.143966E+00   0.0
            37      G      0.0            0.0           -2.465862E-01  -1.076036E-01   3.472793E+00   0.0
            38      G      0.0            0.0           -5.362153E-01  -5.117033E-01   2.219612E+00   0.0
            39      G      0.0            0.0           -6.892083E-01  -7.668663E-01   7.767760E-01   0.0
            40      G      0.0            0.0           -6.807482E-01  -5.429203E-01  -9.759476E-01   0.0
            41      G      0.0            0.0           -4.875453E-01  -4.750495E-02  -2.846490E+00   0.0
            42      G      0.0            0.0           -1.136009E-01   3.193717E-01  -4.475032E+00   0.0
            43      G      0.0            0.0            4.012720E-01   3.496537E-01  -5.589849E+00   0.0
            44      G      0.0            0.0            1.091681E+00   1.625366E-01  -8.125249E+00   0.0
            45      G      0.0            0.0            5.442365E-01  -1.014806E+01   4.167453E-01   0.0
            46      G      0.0            0.0            3.934423E-01  -2.275713E+00   2.668514E+00   0.0
            47      G      0.0            0.0            1.058261E-01  -1.060710E+00   2.960942E+00   0.0
            48      G      0.0            0.0           -1.783916E-01   1.455108E+00   2.602840E+00   0.0
            49      G      0.0            0.0           -4.019448E-01   3.084432E+00   1.779849E+00   0.0
            50      G      0.0            0.0           -5.201238E-01   3.984247E+00   5.338322E-01   0.0
1    MSC.NASTRAN JOB CREATED ON 09-NOV-20 AT 15:26:16                      NOVEMBER   9, 2020  MSC Nastran  3/11/18   PAGE    65
     DEFAULT                                                                                                                        
0                                                                                                            SUBCASE 1              
      EIGENVALUE =  3.792835E+05
          CYCLES =  9.801716E+01         R E A L   E I G E N V E C T O R   N O .         14
 
      POINT ID.   TYPE          T1             T2             T3             R1             R2             R3
            51      G      0.0            0.0           -5.042362E-01   3.900004E+00  -8.624405E-01   0.0
            52      G      0.0            0.0           -3.469575E-01   2.721943E+00  -2.235115E+00   0.0
            53      G      0.0            0.0           -6.653740E-02   5.527447E-01  -3.254062E+00   0.0
            54      G      0.0            0.0            2.990193E-01  -2.385423E+00  -3.902305E+00   0.0
            55      G      0.0            0.0            7.802877E-01  -6.315823E+00  -5.671075E+00   0.0
            56      G      0.0            0.0            0.0            0.0            0.0            0.0
            57      G      0.0            0.0            1.438709E-08  -5.201506E+00  -4.300984E-07   0.0
            58      G      0.0            0.0            7.008410E-08  -9.298521E-01  -6.321421E-07   0.0
            59      G      0.0            0.0            5.029730E-08   1.973727E+00   9.993615E-07   0.0
            60      G      0.0            0.0           -3.149889E-08   4.606189E+00   6.328353E-07   0.0
            61      G      0.0            0.0           -1.194654E-07   5.956167E+00   1.037602E-06   0.0
            62      G      0.0            0.0           -1.915900E-07   5.730645E+00   3.618045E-07   0.0
            63      G      0.0            0.0           -1.801991E-07   3.885169E+00  -6.300217E-07   0.0
            64      G      0.0            0.0           -1.047112E-07   6.421061E-01  -8.282403E-07   0.0
            65      G      0.0            0.0            5.018472E-08  -3.527238E+00  -2.257138E-06   0.0
            66      G      0.0            0.0            1.917814E-07  -9.062936E+00  -5.282984E-07   0.0
            67      G      0.0            0.0           -5.442429E-01  -1.014808E+01  -4.167861E-01   0.0
            68      G      0.0            0.0           -3.934454E-01  -2.275692E+00  -2.668540E+00   0.0
            69      G      0.0            0.0           -1.058268E-01  -1.060703E+00  -2.960964E+00   0.0
            70      G      0.0            0.0            1.783929E-01   1.455097E+00  -2.602859E+00   0.0
            71      G      0.0            0.0            4.019476E-01   3.084407E+00  -1.779859E+00   0.0
            72      G      0.0            0.0            5.201274E-01   3.984214E+00  -5.338352E-01   0.0
            73      G      0.0            0.0            5.042396E-01   3.899974E+00   8.624463E-01   0.0
            74      G      0.0            0.0            3.469598E-01   2.721924E+00   2.235130E+00   0.0
            75      G      0.0            0.0            6.653794E-02   5.527438E-01   3.254083E+00   0.0
            76      G      0.0            0.0           -2.990212E-01  -2.385405E+00   3.902332E+00   0.0
            77      G      0.0            0.0           -7.802929E-01  -6.315779E+00   5.671112E+00   0.0
            78      G      0.0            0.0           -1.193311E+00  -2.457651E+00  -8.232940E+00   0.0
            79      G      0.0            0.0           -5.699251E-01  -9.856369E-01  -4.229720E+00   0.0
            80      G      0.0            0.0           -1.425946E-01   4.296075E-01  -4.143968E+00   0.0
            81      G      0.0            0.0            2.465863E-01  -1.076040E-01  -3.472793E+00   0.0
            82      G      0.0            0.0            5.362154E-01  -5.117045E-01  -2.219612E+00   0.0
            83      G      0.0            0.0            6.892083E-01  -7.668662E-01  -7.767750E-01   0.0
            84      G      0.0            0.0            6.807482E-01  -5.429203E-01   9.759483E-01   0.0
            85      G      0.0            0.0            4.875453E-01  -4.750396E-02   2.846491E+00   0.0
            86      G      0.0            0.0            1.136009E-01   3.193715E-01   4.475032E+00   0.0
            87      G      0.0            0.0           -4.012720E-01   3.496539E-01   5.589848E+00   0.0
            88      G      0.0            0.0           -1.091681E+00   1.625339E-01   8.125249E+00   0.0
            89      G      0.0            0.0           -9.925571E-01   6.407632E+00  -7.111268E+00   0.0
            90      G      0.0            0.0           -4.116618E-01   4.103986E+00  -4.458246E+00   0.0
            91      G      0.0            0.0           -4.448815E-02   1.552186E+00  -2.714988E+00   0.0
            92      G      0.0            0.0            1.709859E-01  -1.306399E+00  -1.507993E+00   0.0
            93      G      0.0            0.0            2.893246E-01  -4.242370E+00  -8.400210E-01   0.0
            94      G      0.0            0.0            3.578589E-01  -5.637606E+00  -5.078247E-01   0.0
            95      G      0.0            0.0            3.886283E-01  -5.099238E+00  -4.574106E-02   0.0
            96      G      0.0            0.0            3.365263E-01  -2.850938E+00   1.123577E+00   0.0
            97      G      0.0            0.0            1.371514E-01   1.727330E-01   2.779594E+00   0.0
            98      G      0.0            0.0           -2.280347E-01   3.046927E+00   4.318428E+00   0.0
            99      G      0.0            0.0           -7.618757E-01   6.306120E+00   6.240813E+00   0.0
           100      G      0.0            0.0           -8.078757E-02   1.143068E+01  -3.724911E+00   0.0
1    MSC.NASTRAN JOB CREATED ON 09-NOV-20 AT 15:26:16                      NOVEMBER   9, 2020  MSC Nastran  3/11/18   PAGE    66
     DEFAULT                                                                                                                        
0                                                                                                            SUBCASE 1              
      EIGENVALUE =  3.792835E+05
          CYCLES =  9.801716E+01         R E A L   E I G E N V E C T O R   N O .         14
 
      POINT ID.   TYPE          T1             T2             T3             R1             R2             R3
           101      G      0.0            0.0            1.812413E-01   7.482541E+00  -1.430251E+00   0.0
           102      G      0.0            0.0            1.987042E-01   3.218328E+00   1.161256E+00   0.0
           103      G      0.0            0.0           -5.354684E-04  -1.992230E+00   2.763751E+00   0.0
           104      G      0.0            0.0           -2.577919E-01  -6.377109E+00   2.252025E+00   0.0
           105      G      0.0            0.0           -3.775119E-01  -8.644932E+00   9.514219E-02   0.0
           106      G      0.0            0.0           -2.759798E-01  -7.792820E+00  -2.028619E+00   0.0
           107      G      0.0            0.0           -3.669693E-02  -4.347763E+00  -2.600706E+00   0.0
           108      G      0.0            0.0            1.581322E-01   3.220463E-01  -1.237564E+00   0.0
           109      G      0.0            0.0            1.677955E-01   4.769225E+00   9.391098E-01   0.0
           110      G      0.0            0.0            9.166424E-04   8.722204E+00   2.272082E+00   0.0
           111      G      0.0            0.0            1.141247E+00   1.280288E+01  -5.687186E-01   0.0
           112      G      0.0            0.0            1.065418E+00   1.005840E+01   2.158734E+00   0.0
           113      G      0.0            0.0            6.092661E-01   4.941269E+00   6.933813E+00   0.0
           114      G      0.0            0.0           -2.004509E-01  -1.956303E+00   9.037549E+00   0.0
           115      G      0.0            0.0           -1.001674E+00  -8.364920E+00   6.707612E+00   0.0
           116      G      0.0            0.0           -1.388949E+00  -1.140147E+01   9.163985E-01   0.0
           117      G      0.0            0.0           -1.174000E+00  -9.985309E+00  -5.083465E+00   0.0
           118      G      0.0            0.0           -5.053159E-01  -4.887986E+00  -8.012403E+00   0.0
           119      G      0.0            0.0            2.431101E-01   1.440033E+00  -6.747632E+00   0.0
           120      G      0.0            0.0            7.259210E-01   6.381791E+00  -2.897802E+00   0.0
           121      G      0.0            0.0            8.981747E-01   9.153240E+00  -6.502185E-01   0.0
1    MSC.NASTRAN JOB CREATED ON 09-NOV-20 AT 15:26:16                      NOVEMBER   9, 2020  MSC Nastran  3/11/18   PAGE    67
     DEFAULT                                                                                                                        
0                                                                                                            SUBCASE 1              
      EIGENVALUE =  4.704770E+05
          CYCLES =  1.091665E+02         R E A L   E I G E N V E C T O R   N O .         15
 
      POINT ID.   TYPE          T1             T2             T3             R1             R2             R3
             1      G      0.0            0.0            1.715143E+00  -1.834562E+01   8.674067E-01   0.0
             2      G      0.0            0.0            1.449927E+00  -1.421818E+01   4.445817E+00   0.0
             3      G      0.0            0.0            7.726089E-01  -7.938910E+00   8.933829E+00   0.0
             4      G      0.0            0.0           -9.376822E-02  -8.232782E-01   8.005805E+00   0.0
             5      G      0.0            0.0           -5.873950E-01   2.720300E+00   1.532019E+00   0.0
             6      G      0.0            0.0           -3.646824E-01   1.299383E+00  -5.966506E+00   0.0
             7      G      0.0            0.0            3.883514E-01  -3.950225E+00  -8.709265E+00   0.0
             8      G      0.0            0.0            1.071528E+00  -8.644912E+00  -4.524396E+00   0.0
             9      G      0.0            0.0            1.134362E+00  -9.614862E+00   3.368754E+00   0.0
            10      G      0.0            0.0            5.001600E-01  -7.271212E+00   9.032489E+00   0.0
            11      G      0.0            0.0           -5.235668E-01  -5.088061E+00   1.123603E+01   0.0
            12      G      0.0            0.0           -2.256740E-02  -1.588335E+01  -3.632878E+00   0.0
            13      G      0.0            0.0            1.861923E-01  -1.060697E+01  -5.131713E-01   0.0
            14      G      0.0            0.0            8.426499E-02  -5.451429E+00   2.549078E+00   0.0
            15      G      0.0            0.0           -2.096818E-01  -1.189162E+00   3.117395E+00   0.0
            16      G      0.0            0.0           -4.132664E-01   1.024057E+00   7.030448E-01   0.0
            17      G      0.0            0.0           -3.196027E-01  -1.568000E-01  -2.618774E+00   0.0
            18      G      0.0            0.0            2.562452E-02  -3.063136E+00  -4.051442E+00   0.0
            19      G      0.0            0.0            3.426443E-01  -5.680608E+00  -1.985510E+00   0.0
            20      G      0.0            0.0            3.382923E-01  -6.034269E+00   2.163494E+00   0.0
            21      G      0.0            0.0           -8.800748E-02  -4.199095E+00   6.170650E+00   0.0
            22      G      0.0            0.0           -8.739956E-01  -1.633991E+00   9.402804E+00   0.0
            23      G      0.0            0.0           -1.254269E+00  -8.038085E+00  -9.158929E+00   0.0
            24      G      0.0            0.0           -5.799758E-01  -4.159348E+00  -4.335570E+00   0.0
            25      G      0.0            0.0           -2.689827E-01  -1.243777E+00  -1.721327E+00   0.0
            26      G      0.0            0.0           -1.896991E-01   1.791304E+00   1.220201E-01   0.0
            27      G      0.0            0.0           -2.379020E-01   2.595750E+00   6.580311E-01   0.0
            28      G      0.0            0.0           -2.682920E-01   1.325774E+00  -1.929697E-01   0.0
            29      G      0.0            0.0           -2.112170E-01  -1.440770E+00  -9.209193E-01   0.0
            30      G      0.0            0.0           -1.220170E-01  -3.298054E+00  -7.086998E-01   0.0
            31      G      0.0            0.0           -1.228553E-01  -2.866539E+00   8.277058E-01   0.0
            32      G      0.0            0.0           -3.014338E-01   1.889175E-01   2.695342E+00   0.0
            33      G      0.0            0.0           -7.172561E-01   4.941751E+00   5.564466E+00   0.0
            34      G      0.0            0.0           -1.408008E+00   4.764529E+00  -9.777269E+00   0.0
            35      G      0.0            0.0           -6.404401E-01   2.705874E+00  -5.649725E+00   0.0
            36      G      0.0            0.0           -1.447986E-01   3.417539E+00  -3.975784E+00   0.0
            37      G      0.0            0.0            1.211548E-01   4.047467E+00  -1.207085E+00   0.0
            38      G      0.0            0.0            1.220592E-01   4.245565E+00   1.063167E+00   0.0
            39      G      0.0            0.0           -5.781428E-02   2.610419E+00   2.260197E+00   0.0
            40      G      0.0            0.0           -2.534150E-01   4.514040E-01   1.468021E+00   0.0
            41      G      0.0            0.0           -3.259909E-01  -8.557497E-01  -1.313652E-02   0.0
            42      G      0.0            0.0           -2.536402E-01   1.494166E-01  -1.298271E+00   0.0
            43      G      0.0            0.0           -1.068293E-01   3.487673E+00  -1.511688E+00   0.0
            44      G      0.0            0.0            1.655830E-02   9.376147E+00  -9.244255E-01   0.0
            45      G      0.0            0.0           -5.883401E-01   1.055686E+01  -3.109928E+00   0.0
            46      G      0.0            0.0           -2.049724E-01   5.061961E+00  -4.739247E+00   0.0
            47      G      0.0            0.0            2.428823E-01   3.478453E+00  -3.917221E+00   0.0
            48      G      0.0            0.0            5.433893E-01   3.658769E+00  -1.840838E+00   0.0
            49      G      0.0            0.0            5.270669E-01   3.209928E+00   2.047266E+00   0.0
            50      G      0.0            0.0            2.101391E-01   2.241670E+00   3.924435E+00   0.0
1    MSC.NASTRAN JOB CREATED ON 09-NOV-20 AT 15:26:16                      NOVEMBER   9, 2020  MSC Nastran  3/11/18   PAGE    68
     DEFAULT                                                                                                                        
0                                                                                                            SUBCASE 1              
      EIGENVALUE =  4.704770E+05
          CYCLES =  1.091665E+02         R E A L   E I G E N V E C T O R   N O .         15
 
      POINT ID.   TYPE          T1             T2             T3             R1             R2             R3
            51      G      0.0            0.0           -1.649633E-01   9.227066E-01   3.224898E+00   0.0
            52      G      0.0            0.0           -3.350724E-01   3.376646E-01   7.895306E-02   0.0
            53      G      0.0            0.0           -1.731471E-01   1.083289E+00  -3.149042E+00   0.0
            54      G      0.0            0.0            2.582683E-01   3.329163E+00  -5.208256E+00   0.0
            55      G      0.0            0.0            8.892803E-01   7.453115E+00  -7.322214E+00   0.0
            56      G      0.0            0.0            0.0            0.0            0.0            0.0
            57      G      0.0            0.0            9.635352E-02  -2.356623E-06  -2.297805E+00   0.0
            58      G      0.0            0.0            4.498562E-01  -8.148386E-07  -4.416535E+00   0.0
            59      G      0.0            0.0            7.524099E-01  -1.428103E-06  -1.380525E+00   0.0
            60      G      0.0            0.0            7.068780E-01  -9.767336E-07   2.191059E+00   0.0
            61      G      0.0            0.0            3.374007E-01  -1.158967E-06   4.781520E+00   0.0
            62      G      0.0            0.0           -1.073974E-01  -1.000619E-06   3.708029E+00   0.0
            63      G      0.0            0.0           -3.080970E-01  -1.490885E-06   1.655303E-01   0.0
            64      G      0.0            0.0           -1.084416E-01  -1.186540E-06  -3.972547E+00   0.0
            65      G      0.0            0.0            4.374424E-01  -2.294194E-06  -6.620128E+00   0.0
            66      G      0.0            0.0            1.277507E+00  -1.374042E-06  -1.007130E+01   0.0
            67      G      0.0            0.0           -5.883480E-01  -1.055688E+01  -3.109973E+00   0.0
            68      G      0.0            0.0           -2.049771E-01  -5.061971E+00  -4.739266E+00   0.0
            69      G      0.0            0.0            2.428786E-01  -3.478470E+00  -3.917219E+00   0.0
            70      G      0.0            0.0            5.433854E-01  -3.658788E+00  -1.840839E+00   0.0
            71      G      0.0            0.0            5.270634E-01  -3.209949E+00   2.047259E+00   0.0
            72      G      0.0            0.0            2.101366E-01  -2.241683E+00   3.924422E+00   0.0
            73      G      0.0            0.0           -1.649645E-01  -9.227093E-01   3.224887E+00   0.0
            74      G      0.0            0.0           -3.350730E-01  -3.376609E-01   7.895248E-02   0.0
            75      G      0.0            0.0           -1.731483E-01  -1.083292E+00  -3.149029E+00   0.0
            76      G      0.0            0.0            2.582651E-01  -3.329180E+00  -5.208230E+00   0.0
            77      G      0.0            0.0            8.892735E-01  -7.453162E+00  -7.322171E+00   0.0
            78      G      0.0            0.0           -1.408007E+00  -4.764523E+00  -9.777272E+00   0.0
            79      G      0.0            0.0           -6.404397E-01  -2.705870E+00  -5.649720E+00   0.0
            80      G      0.0            0.0           -1.447983E-01  -3.417537E+00  -3.975786E+00   0.0
            81      G      0.0            0.0            1.211551E-01  -4.047465E+00  -1.207084E+00   0.0
            82      G      0.0            0.0            1.220595E-01  -4.245563E+00   1.063167E+00   0.0
            83      G      0.0            0.0           -5.781405E-02  -2.610417E+00   2.260199E+00   0.0
            84      G      0.0            0.0           -2.534149E-01  -4.514026E-01   1.468022E+00   0.0
            85      G      0.0            0.0           -3.259909E-01   8.557504E-01  -1.313587E-02   0.0
            86      G      0.0            0.0           -2.536402E-01  -1.494158E-01  -1.298271E+00   0.0
            87      G      0.0            0.0           -1.068292E-01  -3.487671E+00  -1.511691E+00   0.0
            88      G      0.0            0.0            1.655854E-02  -9.376143E+00  -9.244250E-01   0.0
            89      G      0.0            0.0           -1.254268E+00   8.038086E+00  -9.158923E+00   0.0
            90      G      0.0            0.0           -5.799754E-01   4.159345E+00  -4.335569E+00   0.0
            91      G      0.0            0.0           -2.689824E-01   1.243776E+00  -1.721325E+00   0.0
            92      G      0.0            0.0           -1.896988E-01  -1.791305E+00   1.220188E-01   0.0
            93      G      0.0            0.0           -2.379016E-01  -2.595751E+00   6.580311E-01   0.0
            94      G      0.0            0.0           -2.682917E-01  -1.325774E+00  -1.929690E-01   0.0
            95      G      0.0            0.0           -2.112168E-01   1.440770E+00  -9.209175E-01   0.0
            96      G      0.0            0.0           -1.220169E-01   3.298054E+00  -7.086985E-01   0.0
            97      G      0.0            0.0           -1.228553E-01   2.866539E+00   8.277048E-01   0.0
            98      G      0.0            0.0           -3.014336E-01  -1.889185E-01   2.695340E+00   0.0
            99      G      0.0            0.0           -7.172556E-01  -4.941750E+00   5.564461E+00   0.0
           100      G      0.0            0.0           -2.256699E-02   1.588335E+01  -3.632872E+00   0.0
1    MSC.NASTRAN JOB CREATED ON 09-NOV-20 AT 15:26:16                      NOVEMBER   9, 2020  MSC Nastran  3/11/18   PAGE    69
     DEFAULT                                                                                                                        
0                                                                                                            SUBCASE 1              
      EIGENVALUE =  4.704770E+05
          CYCLES =  1.091665E+02         R E A L   E I G E N V E C T O R   N O .         15
 
      POINT ID.   TYPE          T1             T2             T3             R1             R2             R3
           101      G      0.0            0.0            1.861922E-01   1.060696E+01  -5.131685E-01   0.0
           102      G      0.0            0.0            8.426482E-02   5.451422E+00   2.549078E+00   0.0
           103      G      0.0            0.0           -2.096819E-01   1.189157E+00   3.117393E+00   0.0
           104      G      0.0            0.0           -4.132662E-01  -1.024060E+00   7.030428E-01   0.0
           105      G      0.0            0.0           -3.196024E-01   1.567985E-01  -2.618773E+00   0.0
           106      G      0.0            0.0            2.562464E-02   3.063134E+00  -4.051440E+00   0.0
           107      G      0.0            0.0            3.426442E-01   5.680606E+00  -1.985509E+00   0.0
           108      G      0.0            0.0            3.382921E-01   6.034266E+00   2.163494E+00   0.0
           109      G      0.0            0.0           -8.800749E-02   4.199093E+00   6.170648E+00   0.0
           110      G      0.0            0.0           -8.739952E-01   1.633987E+00   9.402800E+00   0.0
           111      G      0.0            0.0            1.715143E+00   1.834561E+01   8.674114E-01   0.0
           112      G      0.0            0.0            1.449926E+00   1.421817E+01   4.445819E+00   0.0
           113      G      0.0            0.0            7.726079E-01   7.938901E+00   8.933827E+00   0.0
           114      G      0.0            0.0           -9.376886E-02   8.232713E-01   8.005800E+00   0.0
           115      G      0.0            0.0           -5.873951E-01  -2.720303E+00   1.532015E+00   0.0
           116      G      0.0            0.0           -3.646823E-01  -1.299385E+00  -5.966507E+00   0.0
           117      G      0.0            0.0            3.883514E-01   3.950224E+00  -8.709262E+00   0.0
           118      G      0.0            0.0            1.071527E+00   8.644909E+00  -4.524393E+00   0.0
           119      G      0.0            0.0            1.134361E+00   9.614858E+00   3.368754E+00   0.0
           120      G      0.0            0.0            5.001596E-01   7.271206E+00   9.032486E+00   0.0
           121      G      0.0            0.0           -5.235669E-01   5.088056E+00   1.123603E+01   0.0
1    MSC.NASTRAN JOB CREATED ON 09-NOV-20 AT 15:26:16                      NOVEMBER   9, 2020  MSC Nastran  3/11/18   PAGE    70
     DEFAULT                                                                                                                        
0                                                                                                            SUBCASE 1              
      EIGENVALUE =  5.640936E+05
          CYCLES =  1.195352E+02         R E A L   E I G E N V E C T O R   N O .         16
 
      POINT ID.   TYPE          T1             T2             T3             R1             R2             R3
             1      G      0.0            0.0           -1.741263E+00   5.383794E+00  -1.487805E+01   0.0
             2      G      0.0            0.0           -3.007679E-01   8.561551E-01  -1.326928E+01   0.0
             3      G      0.0            0.0            7.176517E-01  -3.944893E+00  -6.383561E+00   0.0
             4      G      0.0            0.0            8.089796E-01  -5.411990E+00   4.229226E+00   0.0
             5      G      0.0            0.0            1.035121E-01  -1.598166E+00   8.780656E+00   0.0
             6      G      0.0            0.0           -5.476502E-01   1.778889E+00   3.489483E+00   0.0
             7      G      0.0            0.0           -4.237572E-01   1.284835E+00  -5.623552E+00   0.0
             8      G      0.0            0.0            3.652448E-01  -3.818663E+00  -9.110606E+00   0.0
             9      G      0.0            0.0            1.053645E+00  -9.133554E+00  -3.994635E+00   0.0
            10      G      0.0            0.0            1.023874E+00  -1.195120E+01   4.301194E+00   0.0
            11      G      0.0            0.0            3.468847E-01  -1.305347E+01   8.743833E+00   0.0
            12      G      0.0            0.0           -1.112366E+00   7.060338E+00  -1.104858E+01   0.0
            13      G      0.0            0.0           -1.073820E-01   2.922323E+00  -8.430175E+00   0.0
            14      G      0.0            0.0            4.903588E-01  -6.606964E-01  -2.948041E+00   0.0
            15      G      0.0            0.0            4.402534E-01  -1.949401E+00   3.573905E+00   0.0
            16      G      0.0            0.0           -8.173828E-02  -2.006765E+00   5.826421E+00   0.0
            17      G      0.0            0.0           -5.028062E-01  -7.035490E-01   1.937846E+00   0.0
            18      G      0.0            0.0           -4.086521E-01  -7.621992E-01  -3.461109E+00   0.0
            19      G      0.0            0.0            5.326465E-02  -2.167854E+00  -4.809554E+00   0.0
            20      G      0.0            0.0            3.424661E-01  -4.790759E+00  -4.263229E-01   0.0
            21      G      0.0            0.0            5.078392E-02  -7.146258E+00   5.899916E+00   0.0
            22      G      0.0            0.0           -7.994847E-01  -9.460138E+00   1.060594E+01   0.0
            23      G      0.0            0.0           -3.599578E-01   7.574887E+00  -5.345149E+00   0.0
            24      G      0.0            0.0            1.860582E-01   2.671975E+00  -4.952274E+00   0.0
            25      G      0.0            0.0            4.773249E-01   2.921662E-01  -4.239989E-01   0.0
            26      G      0.0            0.0            2.560034E-01  -1.725188E+00   4.376289E+00   0.0
            27      G      0.0            0.0           -2.497389E-01  -1.263632E+00   4.746524E+00   0.0
            28      G      0.0            0.0           -5.614029E-01  -3.699033E-01   9.312698E-01   0.0
            29      G      0.0            0.0           -4.115226E-01   8.193036E-01  -3.483814E+00   0.0
            30      G      0.0            0.0           -2.523671E-02   7.484585E-01  -3.292886E+00   0.0
            31      G      0.0            0.0            8.784125E-02  -7.453589E-02   1.497450E+00   0.0
            32      G      0.0            0.0           -3.710625E-01  -9.928876E-01   7.235111E+00   0.0
            33      G      0.0            0.0           -1.369824E+00  -1.589407E+00   1.223977E+01   0.0
            34      G      0.0            0.0            1.263775E-01   1.895766E+00  -2.209422E+00   0.0
            35      G      0.0            0.0            3.923196E-01   1.302509E+00  -2.424256E+00   0.0
            36      G      0.0            0.0            4.528479E-01  -8.607965E-01   1.535954E+00   0.0
            37      G      0.0            0.0            1.253927E-01  -8.947348E-01   4.486461E+00   0.0
            38      G      0.0            0.0           -3.499062E-01  -7.957564E-01   4.046837E+00   0.0
            39      G      0.0            0.0           -5.320225E-01   8.221618E-01  -8.196203E-01   0.0
            40      G      0.0            0.0           -2.431134E-01   2.289519E+00  -4.407617E+00   0.0
            41      G      0.0            0.0            1.993308E-01   3.399154E+00  -3.454059E+00   0.0
            42      G      0.0            0.0            2.919734E-01   3.756579E+00   2.017579E+00   0.0
            43      G      0.0            0.0           -1.926129E-01   4.137481E+00   7.176158E+00   0.0
            44      G      0.0            0.0           -1.113002E+00   6.270187E+00   1.070260E+01   0.0
            45      G      0.0            0.0            1.233691E-01  -1.724467E+00  -2.930590E+00   0.0
            46      G      0.0            0.0            3.701448E-01  -1.570533E+00  -1.217694E+00   0.0
            47      G      0.0            0.0            3.851402E-01  -3.298129E-01   1.256277E+00   0.0
            48      G      0.0            0.0            4.039773E-02  -7.732362E-01   5.025220E+00   0.0
            49      G      0.0            0.0           -3.905803E-01  -8.539550E-02   2.684397E+00   0.0
            50      G      0.0            0.0           -4.366646E-01   8.328536E-01  -2.091525E+00   0.0
1    MSC.NASTRAN JOB CREATED ON 09-NOV-20 AT 15:26:16                      NOVEMBER   9, 2020  MSC Nastran  3/11/18   PAGE    71
     DEFAULT                                                                                                                        
0                                                                                                            SUBCASE 1              
      EIGENVALUE =  5.640936E+05
          CYCLES =  1.195352E+02         R E A L   E I G E N V E C T O R   N O .         16
 
      POINT ID.   TYPE          T1             T2             T3             R1             R2             R3
            51      G      0.0            0.0           -1.621600E-03   2.119674E+00  -5.941308E+00   0.0
            52      G      0.0            0.0            5.519136E-01   3.059686E+00  -4.102131E+00   0.0
            53      G      0.0            0.0            7.018555E-01   3.725318E+00   1.516783E+00   0.0
            54      G      0.0            0.0            2.760813E-01   4.423608E+00   6.473896E+00   0.0
            55      G      0.0            0.0           -4.110357E-01   6.869057E+00   6.701197E+00   0.0
            56      G      0.0            0.0            0.0            0.0            0.0            0.0
            57      G      0.0            0.0            2.600864E-01  -1.228514E-06  -4.122968E+00   0.0
            58      G      0.0            0.0            3.534493E-01  -5.551838E-07   2.498470E+00   0.0
            59      G      0.0            0.0           -7.816178E-03  -1.211038E-06   4.150692E+00   0.0
            60      G      0.0            0.0           -3.963301E-01  -9.974115E-07   2.693043E+00   0.0
            61      G      0.0            0.0           -3.917354E-01  -1.080423E-06  -3.051831E+00   0.0
            62      G      0.0            0.0            1.136812E-01  -1.119763E-06  -6.359798E+00   0.0
            63      G      0.0            0.0            7.183431E-01  -1.670960E-06  -4.674080E+00   0.0
            64      G      0.0            0.0            9.054786E-01  -1.646240E-06   1.341155E+00   0.0
            65      G      0.0            0.0            5.171344E-01  -3.549694E-06   5.899143E+00   0.0
            66      G      0.0            0.0           -4.526098E-02  -3.033988E-06   4.761946E+00   0.0
            67      G      0.0            0.0            1.233701E-01   1.724455E+00  -2.930596E+00   0.0
            68      G      0.0            0.0            3.701457E-01   1.570524E+00  -1.217687E+00   0.0
            69      G      0.0            0.0            3.851408E-01   3.298148E-01   1.256275E+00   0.0
            70      G      0.0            0.0            4.039836E-02   7.732388E-01   5.025223E+00   0.0
            71      G      0.0            0.0           -3.905802E-01   8.539799E-02   2.684404E+00   0.0
            72      G      0.0            0.0           -4.366655E-01  -8.328585E-01  -2.091513E+00   0.0
            73      G      0.0            0.0           -1.623680E-03  -2.119685E+00  -5.941297E+00   0.0
            74      G      0.0            0.0            5.519106E-01  -3.059702E+00  -4.102124E+00   0.0
            75      G      0.0            0.0            7.018519E-01  -3.725337E+00   1.516787E+00   0.0
            76      G      0.0            0.0            2.760770E-01  -4.423629E+00   6.473906E+00   0.0
            77      G      0.0            0.0           -4.110418E-01  -6.869091E+00   6.701225E+00   0.0
            78      G      0.0            0.0            1.263773E-01  -1.895769E+00  -2.209422E+00   0.0
            79      G      0.0            0.0            3.923195E-01  -1.302510E+00  -2.424256E+00   0.0
            80      G      0.0            0.0            4.528478E-01   8.607947E-01   1.535955E+00   0.0
            81      G      0.0            0.0            1.253925E-01   8.947339E-01   4.486460E+00   0.0
            82      G      0.0            0.0           -3.499063E-01   7.957560E-01   4.046837E+00   0.0
            83      G      0.0            0.0           -5.320225E-01  -8.221615E-01  -8.196223E-01   0.0
            84      G      0.0            0.0           -2.431132E-01  -2.289518E+00  -4.407617E+00   0.0
            85      G      0.0            0.0            1.993311E-01  -3.399152E+00  -3.454060E+00   0.0
            86      G      0.0            0.0            2.919736E-01  -3.756577E+00   2.017580E+00   0.0
            87      G      0.0            0.0           -1.926127E-01  -4.137478E+00   7.176157E+00   0.0
            88      G      0.0            0.0           -1.113002E+00  -6.270184E+00   1.070260E+01   0.0
            89      G      0.0            0.0           -3.599582E-01  -7.574887E+00  -5.345152E+00   0.0
            90      G      0.0            0.0            1.860580E-01  -2.671974E+00  -4.952273E+00   0.0
            91      G      0.0            0.0            4.773247E-01  -2.921652E-01  -4.239993E-01   0.0
            92      G      0.0            0.0            2.560033E-01   1.725188E+00   4.376289E+00   0.0
            93      G      0.0            0.0           -2.497389E-01   1.263632E+00   4.746523E+00   0.0
            94      G      0.0            0.0           -5.614029E-01   3.699030E-01   9.312686E-01   0.0
            95      G      0.0            0.0           -4.115224E-01  -8.193043E-01  -3.483816E+00   0.0
            96      G      0.0            0.0           -2.523642E-02  -7.484598E-01  -3.292886E+00   0.0
            97      G      0.0            0.0            8.784155E-02   7.453501E-02   1.497449E+00   0.0
            98      G      0.0            0.0           -3.710623E-01   9.928860E-01   7.235112E+00   0.0
            99      G      0.0            0.0           -1.369824E+00   1.589408E+00   1.223976E+01   0.0
           100      G      0.0            0.0           -1.112366E+00  -7.060334E+00  -1.104858E+01   0.0
1    MSC.NASTRAN JOB CREATED ON 09-NOV-20 AT 15:26:16                      NOVEMBER   9, 2020  MSC Nastran  3/11/18   PAGE    72
     DEFAULT                                                                                                                        
0                                                                                                            SUBCASE 1              
      EIGENVALUE =  5.640936E+05
          CYCLES =  1.195352E+02         R E A L   E I G E N V E C T O R   N O .         16
 
      POINT ID.   TYPE          T1             T2             T3             R1             R2             R3
           101      G      0.0            0.0           -1.073820E-01  -2.922320E+00  -8.430175E+00   0.0
           102      G      0.0            0.0            4.903588E-01   6.606991E-01  -2.948040E+00   0.0
           103      G      0.0            0.0            4.402534E-01   1.949403E+00   3.573905E+00   0.0
           104      G      0.0            0.0           -8.173833E-02   2.006765E+00   5.826421E+00   0.0
           105      G      0.0            0.0           -5.028062E-01   7.035480E-01   1.937846E+00   0.0
           106      G      0.0            0.0           -4.086521E-01   7.621968E-01  -3.461109E+00   0.0
           107      G      0.0            0.0            5.326471E-02   2.167851E+00  -4.809554E+00   0.0
           108      G      0.0            0.0            3.424662E-01   4.790754E+00  -4.263221E-01   0.0
           109      G      0.0            0.0            5.078390E-02   7.146255E+00   5.899916E+00   0.0
           110      G      0.0            0.0           -7.994846E-01   9.460133E+00   1.060594E+01   0.0
           111      G      0.0            0.0           -1.741263E+00  -5.383789E+00  -1.487805E+01   0.0
           112      G      0.0            0.0           -3.007675E-01  -8.561502E-01  -1.326928E+01   0.0
           113      G      0.0            0.0            7.176520E-01   3.944897E+00  -6.383559E+00   0.0
           114      G      0.0            0.0            8.089797E-01   5.411992E+00   4.229228E+00   0.0
           115      G      0.0            0.0            1.035121E-01   1.598166E+00   8.780657E+00   0.0
           116      G      0.0            0.0           -5.476503E-01  -1.778890E+00   3.489483E+00   0.0
           117      G      0.0            0.0           -4.237574E-01  -1.284837E+00  -5.623551E+00   0.0
           118      G      0.0            0.0            3.652445E-01   3.818659E+00  -9.110604E+00   0.0
           119      G      0.0            0.0            1.053645E+00   9.133550E+00  -3.994633E+00   0.0
           120      G      0.0            0.0            1.023874E+00   1.195120E+01   4.301195E+00   0.0
           121      G      0.0            0.0            3.468842E-01   1.305347E+01   8.743833E+00   0.0
1    MSC.NASTRAN JOB CREATED ON 09-NOV-20 AT 15:26:16                      NOVEMBER   9, 2020  MSC Nastran  3/11/18   PAGE    73
     DEFAULT                                                                                                                        
0                                                                                                            SUBCASE 1              
      EIGENVALUE =  6.857977E+05
          CYCLES =  1.318008E+02         R E A L   E I G E N V E C T O R   N O .         17
 
      POINT ID.   TYPE          T1             T2             T3             R1             R2             R3
             1      G      0.0            0.0            1.604849E+00  -8.342791E-01   1.875450E+01   0.0
             2      G      0.0            0.0           -1.061477E-01   3.236141E+00   1.469237E+01   0.0
             3      G      0.0            0.0           -1.040163E+00   6.666888E+00   3.178134E+00   0.0
             4      G      0.0            0.0           -6.649578E-01   4.198688E+00  -1.007191E+01   0.0
             5      G      0.0            0.0            4.723432E-01  -2.452876E+00  -1.118287E+01   0.0
             6      G      0.0            0.0            1.027753E+00  -5.498755E+00   8.420216E-01   0.0
             7      G      0.0            0.0            3.298950E-01  -1.125198E+00   1.232175E+01   0.0
             8      G      0.0            0.0           -8.589723E-01   6.056906E+00   9.964158E+00   0.0
             9      G      0.0            0.0           -1.168690E+00   7.960299E+00  -4.353701E+00   0.0
            10      G      0.0            0.0           -1.035026E-01   3.502411E+00  -1.611133E+01   0.0
            11      G      0.0            0.0            1.745869E+00  -1.349438E+00  -2.010684E+01   0.0
            12      G      0.0            0.0            1.351961E+00  -4.156848E+00   1.507703E+01   0.0
            13      G      0.0            0.0            2.880667E-02  -4.913371E-01   1.069239E+01   0.0
            14      G      0.0            0.0           -6.439120E-01   1.310153E+00   2.067199E+00   0.0
            15      G      0.0            0.0           -4.025680E-01   1.061193E+00  -6.340493E+00   0.0
            16      G      0.0            0.0            3.372440E-01  -3.054093E-01  -7.132219E+00   0.0
            17      G      0.0            0.0            7.199111E-01  -7.563419E-01   1.690555E-01   0.0
            18      G      0.0            0.0            3.103001E-01   6.522400E-01   7.343715E+00   0.0
            19      G      0.0            0.0           -4.352940E-01   2.388130E+00   6.258211E+00   0.0
            20      G      0.0            0.0           -6.564970E-01   2.291821E+00  -2.377233E+00   0.0
            21      G      0.0            0.0            5.081227E-02  -4.094244E-01  -1.107761E+01   0.0
            22      G      0.0            0.0            1.422791E+00  -5.074225E+00  -1.568643E+01   0.0
            23      G      0.0            0.0            7.760565E-01  -6.989888E+00   9.830599E+00   0.0
            24      G      0.0            0.0           -1.167416E-01  -2.174843E+00   7.440229E+00   0.0
            25      G      0.0            0.0           -5.705218E-01   2.904701E-01   1.091103E+00   0.0
            26      G      0.0            0.0           -3.281890E-01   4.930488E-01  -5.449313E+00   0.0
            27      G      0.0            0.0            2.995451E-01  -4.095215E-01  -5.989032E+00   0.0
            28      G      0.0            0.0            6.433782E-01  -7.574413E-01  -2.955441E-01   0.0
            29      G      0.0            0.0            3.540366E-01   2.125964E-01   5.539195E+00   0.0
            30      G      0.0            0.0           -2.472667E-01   1.367544E+00   5.398329E+00   0.0
            31      G      0.0            0.0           -5.061448E-01   7.874144E-01  -7.183752E-01   0.0
            32      G      0.0            0.0           -1.010705E-01  -2.410322E+00  -6.878256E+00   0.0
            33      G      0.0            0.0            7.301589E-01  -8.401123E+00  -9.194291E+00   0.0
            34      G      0.0            0.0            1.788865E-01  -4.617422E+00   4.279235E+00   0.0
            35      G      0.0            0.0           -2.758264E-01  -7.918519E-01   4.386169E+00   0.0
            36      G      0.0            0.0           -5.129301E-01   9.771618E-01  -3.821038E-03   0.0
            37      G      0.0            0.0           -2.701628E-01   7.476503E-01  -4.471214E+00   0.0
            38      G      0.0            0.0            2.306684E-01  -8.745778E-01  -4.723983E+00   0.0
            39      G      0.0            0.0            5.141624E-01  -1.725912E+00  -5.034024E-01   0.0
            40      G      0.0            0.0            3.198536E-01  -8.190607E-01   4.012694E+00   0.0
            41      G      0.0            0.0           -1.428974E-01   7.815211E-01   4.452341E+00   0.0
            42      G      0.0            0.0           -4.239192E-01   9.742048E-01   7.682377E-01   0.0
            43      G      0.0            0.0           -2.942353E-01  -1.208239E+00  -3.064262E+00   0.0
            44      G      0.0            0.0            1.456433E-02  -5.515236E+00  -2.723172E+00   0.0
            45      G      0.0            0.0           -3.644598E-02   2.339165E-01   2.007012E+00   0.0
            46      G      0.0            0.0           -2.408330E-01   1.359873E+00   1.840524E+00   0.0
            47      G      0.0            0.0           -3.230111E-01   2.686530E+00  -3.685979E-01   0.0
            48      G      0.0            0.0           -1.627550E-01   1.333275E+00  -2.624733E+00   0.0
            49      G      0.0            0.0            1.246195E-01  -1.206412E+00  -2.683466E+00   0.0
            50      G      0.0            0.0            2.890304E-01  -2.676471E+00  -3.658350E-01   0.0
1    MSC.NASTRAN JOB CREATED ON 09-NOV-20 AT 15:26:16                      NOVEMBER   9, 2020  MSC Nastran  3/11/18   PAGE    74
     DEFAULT                                                                                                                        
0                                                                                                            SUBCASE 1              
      EIGENVALUE =  6.857977E+05
          CYCLES =  1.318008E+02         R E A L   E I G E N V E C T O R   N O .         17
 
      POINT ID.   TYPE          T1             T2             T3             R1             R2             R3
            51      G      0.0            0.0            1.896762E-01  -1.718207E+00   2.160045E+00   0.0
            52      G      0.0            0.0           -7.146328E-02   6.254567E-01   2.644764E+00   0.0
            53      G      0.0            0.0           -2.635056E-01   2.153006E+00   9.674700E-01   0.0
            54      G      0.0            0.0           -2.661602E-01   1.700359E+00  -7.864002E-01   0.0
            55      G      0.0            0.0           -2.320265E-01   5.692583E-01   3.041581E-01   0.0
            56      G      0.0            0.0            0.0            0.0            0.0            0.0
            57      G      0.0            0.0            3.067883E-06   2.999640E+00  -5.364725E-05   0.0
            58      G      0.0            0.0            5.812822E-06   3.388680E+00   3.913622E-06   0.0
            59      G      0.0            0.0            2.652640E-06   1.694694E+00   5.442289E-05   0.0
            60      G      0.0            0.0           -4.139971E-06  -1.329246E+00   7.008800E-05   0.0
            61      G      0.0            0.0           -9.309186E-06  -3.047524E+00   2.725636E-05   0.0
            62      G      0.0            0.0           -9.431919E-06  -2.067201E+00  -2.015944E-05   0.0
            63      G      0.0            0.0           -6.548897E-06   6.539226E-01  -2.808455E-05   0.0
            64      G      0.0            0.0           -5.506385E-06   2.802124E+00   1.090443E-05   0.0
            65      G      0.0            0.0           -9.423762E-06   3.210091E+00   6.254272E-05   0.0
            66      G      0.0            0.0           -1.993408E-05   3.622318E+00   1.434414E-04   0.0
            67      G      0.0            0.0            3.643864E-02   2.337586E-01  -2.007143E+00   0.0
            68      G      0.0            0.0            2.408388E-01   1.359811E+00  -1.840640E+00   0.0
            69      G      0.0            0.0            3.230243E-01   2.686489E+00   3.685785E-01   0.0
            70      G      0.0            0.0            1.627625E-01   1.333277E+00   2.624855E+00   0.0
            71      G      0.0            0.0           -1.246262E-01  -1.206365E+00   2.683602E+00   0.0
            72      G      0.0            0.0           -2.890464E-01  -2.676373E+00   3.658716E-01   0.0
            73      G      0.0            0.0           -1.896893E-01  -1.718071E+00  -2.160126E+00   0.0
            74      G      0.0            0.0            7.145992E-02   6.256161E-01  -2.644854E+00   0.0
            75      G      0.0            0.0            2.635068E-01   2.153173E+00  -9.674616E-01   0.0
            76      G      0.0            0.0            2.661545E-01   1.700542E+00   7.865180E-01   0.0
            77      G      0.0            0.0            2.320042E-01   5.695329E-01  -3.039542E-01   0.0
            78      G      0.0            0.0           -1.789050E-01  -4.617519E+00  -4.279433E+00   0.0
            79      G      0.0            0.0            2.758252E-01  -7.919139E-01  -4.386304E+00   0.0
            80      G      0.0            0.0            5.129379E-01   9.771355E-01   3.785613E-03   0.0
            81      G      0.0            0.0            2.701692E-01   7.476431E-01   4.471270E+00   0.0
            82      G      0.0            0.0           -2.306692E-01  -8.745411E-01   4.724051E+00   0.0
            83      G      0.0            0.0           -5.141660E-01  -1.725828E+00   5.033831E-01   0.0
            84      G      0.0            0.0           -3.198508E-01  -8.189313E-01  -4.012792E+00   0.0
            85      G      0.0            0.0            1.429105E-01   7.816728E-01  -4.452429E+00   0.0
            86      G      0.0            0.0            4.239370E-01   9.743646E-01  -7.682366E-01   0.0
            87      G      0.0            0.0            2.942490E-01  -1.208068E+00   3.064333E+00   0.0
            88      G      0.0            0.0           -1.455514E-02  -5.514972E+00   2.723179E+00   0.0
            89      G      0.0            0.0           -7.760794E-01  -6.989874E+00  -9.830822E+00   0.0
            90      G      0.0            0.0            1.167376E-01  -2.174832E+00  -7.440374E+00   0.0
            91      G      0.0            0.0            5.705276E-01   2.904592E-01  -1.091143E+00   0.0
            92      G      0.0            0.0            3.281939E-01   4.930264E-01   5.449362E+00   0.0
            93      G      0.0            0.0           -2.995453E-01  -4.095509E-01   5.989068E+00   0.0
            94      G      0.0            0.0           -6.433778E-01  -7.574543E-01   2.954913E-01   0.0
            95      G      0.0            0.0           -3.540268E-01   2.125933E-01  -5.539314E+00   0.0
            96      G      0.0            0.0            2.472876E-01   1.367534E+00  -5.398411E+00   0.0
            97      G      0.0            0.0            5.061693E-01   7.873737E-01   7.183924E-01   0.0
            98      G      0.0            0.0            1.010898E-01  -2.410393E+00   6.878329E+00   0.0
            99      G      0.0            0.0           -7.301415E-01  -8.401239E+00   9.194246E+00   0.0
           100      G      0.0            0.0           -1.351976E+00  -4.156708E+00  -1.507723E+01   0.0
1    MSC.NASTRAN JOB CREATED ON 09-NOV-20 AT 15:26:16                      NOVEMBER   9, 2020  MSC Nastran  3/11/18   PAGE    75
     DEFAULT                                                                                                                        
0                                                                                                            SUBCASE 1              
      EIGENVALUE =  6.857977E+05
          CYCLES =  1.318008E+02         R E A L   E I G E N V E C T O R   N O .         17
 
      POINT ID.   TYPE          T1             T2             T3             R1             R2             R3
           101      G      0.0            0.0           -2.880551E-02  -4.912468E-01  -1.069251E+01   0.0
           102      G      0.0            0.0            6.439190E-01   1.310188E+00  -2.067192E+00   0.0
           103      G      0.0            0.0            4.025696E-01   1.061155E+00   6.340582E+00   0.0
           104      G      0.0            0.0           -3.372506E-01  -3.054989E-01   7.132275E+00   0.0
           105      G      0.0            0.0           -7.199179E-01  -7.564620E-01  -1.691099E-01   0.0
           106      G      0.0            0.0           -3.102977E-01   6.521080E-01  -7.343827E+00   0.0
           107      G      0.0            0.0            4.353055E-01   2.387965E+00  -6.258259E+00   0.0
           108      G      0.0            0.0            6.565073E-01   2.291599E+00   2.377307E+00   0.0
           109      G      0.0            0.0           -5.081261E-02  -4.097232E-01   1.107773E+01   0.0
           110      G      0.0            0.0           -1.422801E+00  -5.074639E+00   1.568650E+01   0.0
           111      G      0.0            0.0           -1.604847E+00  -8.340802E-01  -1.875467E+01   0.0
           112      G      0.0            0.0            1.061623E-01   3.236317E+00  -1.469244E+01   0.0
           113      G      0.0            0.0            1.040176E+00   6.666990E+00  -3.178036E+00   0.0
           114      G      0.0            0.0            6.649557E-01   4.198658E+00   1.007212E+01   0.0
           115      G      0.0            0.0           -4.723628E-01  -2.453040E+00   1.118300E+01   0.0
           116      G      0.0            0.0           -1.027777E+00  -5.498960E+00  -8.420728E-01   0.0
           117      G      0.0            0.0           -3.299085E-01  -1.125371E+00  -1.232188E+01   0.0
           118      G      0.0            0.0            8.589669E-01   6.056752E+00  -9.964169E+00   0.0
           119      G      0.0            0.0            1.168676E+00   7.960060E+00   4.353882E+00   0.0
           120      G      0.0            0.0            1.034672E-01   3.502031E+00   1.611156E+01   0.0
           121      G      0.0            0.0           -1.745927E+00  -1.349938E+00   2.010704E+01   0.0
1    MSC.NASTRAN JOB CREATED ON 09-NOV-20 AT 15:26:16                      NOVEMBER   9, 2020  MSC Nastran  3/11/18   PAGE    76
     DEFAULT                                                                                                                        
0                                                                                                            SUBCASE 1              
      EIGENVALUE =  6.878639E+05
          CYCLES =  1.319992E+02         R E A L   E I G E N V E C T O R   N O .         18
 
      POINT ID.   TYPE          T1             T2             T3             R1             R2             R3
             1      G      0.0            0.0           -5.507751E-02   7.129687E+00   6.058780E+00   0.0
             2      G      0.0            0.0           -5.202918E-01   6.295616E+00   2.814931E+00   0.0
             3      G      0.0            0.0           -4.953823E-01   3.623990E+00  -3.578513E+00   0.0
             4      G      0.0            0.0            8.530998E-02  -1.252659E+00  -7.519974E+00   0.0
             5      G      0.0            0.0            7.359837E-01  -6.231856E+00  -4.716605E+00   0.0
             6      G      0.0            0.0            8.846456E-01  -7.779979E+00   1.881540E+00   0.0
             7      G      0.0            0.0            5.144397E-01  -6.572524E+00   4.816914E+00   0.0
             8      G      0.0            0.0            2.162844E-01  -5.924725E+00   3.499056E-01   0.0
             9      G      0.0            0.0            5.351468E-01  -9.120752E+00  -6.747160E+00   0.0
            10      G      0.0            0.0            1.339907E+00  -1.443763E+01  -8.615682E+00   0.0
            11      G      0.0            0.0            2.146399E+00  -1.887702E+01  -7.046255E+00   0.0
            12      G      0.0            0.0            5.572776E-01   5.024749E+00   7.351060E+00   0.0
            13      G      0.0            0.0           -4.353913E-02   3.197874E+00   4.225969E+00   0.0
            14      G      0.0            0.0           -2.591058E-01   1.153488E+00  -2.424315E-01   0.0
            15      G      0.0            0.0           -6.223553E-02  -1.546877E+00  -3.284866E+00   0.0
            16      G      0.0            0.0            2.401134E-01  -3.427397E+00  -2.066034E+00   0.0
            17      G      0.0            0.0            2.487713E-01  -4.554096E+00   2.019513E+00   0.0
            18      G      0.0            0.0           -9.250382E-02  -5.031199E+00   4.138508E+00   0.0
            19      G      0.0            0.0           -4.276211E-01  -6.268241E+00   1.768776E+00   0.0
            20      G      0.0            0.0           -3.846288E-01  -8.473501E+00  -2.734059E+00   0.0
            21      G      0.0            0.0            1.023178E-02  -1.128790E+01  -4.559203E+00   0.0
            22      G      0.0            0.0            3.777223E-01  -1.556310E+01  -2.349232E+00   0.0
            23      G      0.0            0.0            8.380802E-01   5.180063E-01   8.202132E+00   0.0
            24      G      0.0            0.0            1.362101E-01   3.795338E-01   5.391248E+00   0.0
            25      G      0.0            0.0           -2.265342E-01  -4.333536E-01   1.468015E+00   0.0
            26      G      0.0            0.0           -1.910765E-01  -8.428032E-01  -1.828436E+00   0.0
            27      G      0.0            0.0            8.530374E-04  -1.070241E+00  -1.334483E+00   0.0
            28      G      0.0            0.0           -2.165937E-02  -4.699457E-01   1.964114E+00   0.0
            29      G      0.0            0.0           -3.738508E-01  -1.111603E-01   4.469420E+00   0.0
            30      G      0.0            0.0           -7.916814E-01  -3.957229E-01   3.086084E+00   0.0
            31      G      0.0            0.0           -9.240959E-01  -1.547758E+00  -6.379874E-01   0.0
            32      G      0.0            0.0           -7.325655E-01  -2.664635E+00  -2.699702E+00   0.0
            33      G      0.0            0.0           -6.625217E-01  -4.218186E+00   1.750101E+00   0.0
            34      G      0.0            0.0            6.823074E-01  -3.480422E+00   7.420027E+00   0.0
            35      G      0.0            0.0            3.860676E-02  -2.222406E+00   4.982948E+00   0.0
            36      G      0.0            0.0           -2.964377E-01  -9.083569E-01   1.307558E+00   0.0
            37      G      0.0            0.0           -2.397342E-01  -1.841717E-01  -2.114354E+00   0.0
            38      G      0.0            0.0            2.977132E-02   1.466497E+00  -2.541191E+00   0.0
            39      G      0.0            0.0            1.340637E-01   3.241810E+00   7.379493E-01   0.0
            40      G      0.0            0.0           -1.105143E-01   4.903676E+00   3.650195E+00   0.0
            41      G      0.0            0.0           -4.966651E-01   5.733366E+00   3.294005E+00   0.0
            42      G      0.0            0.0           -6.704376E-01   6.022340E+00  -7.846365E-02   0.0
            43      G      0.0            0.0           -5.107954E-01   6.486241E+00  -2.697010E+00   0.0
            44      G      0.0            0.0           -3.397810E-01   1.002636E+01  -3.099973E-01   0.0
            45      G      0.0            0.0            2.501927E-01  -4.932947E+00   4.120874E+00   0.0
            46      G      0.0            0.0           -1.572364E-01  -1.545163E+00   3.534958E+00   0.0
            47      G      0.0            0.0           -3.911019E-01  -1.010101E+00   7.109166E-01   0.0
            48      G      0.0            0.0           -2.211535E-01   3.317599E-01  -3.735942E+00   0.0
            49      G      0.0            0.0            2.164332E-01   1.763135E+00  -4.213947E+00   0.0
            50      G      0.0            0.0            5.103402E-01   3.498120E+00  -1.256005E+00   0.0
1    MSC.NASTRAN JOB CREATED ON 09-NOV-20 AT 15:26:16                      NOVEMBER   9, 2020  MSC Nastran  3/11/18   PAGE    77
     DEFAULT                                                                                                                        
0                                                                                                            SUBCASE 1              
      EIGENVALUE =  6.878639E+05
          CYCLES =  1.319992E+02         R E A L   E I G E N V E C T O R   N O .         18
 
      POINT ID.   TYPE          T1             T2             T3             R1             R2             R3
            51      G      0.0            0.0            4.356268E-01   4.956914E+00   2.348908E+00   0.0
            52      G      0.0            0.0            1.543445E-01   6.002829E+00   2.545659E+00   0.0
            53      G      0.0            0.0            3.652469E-02   6.659026E+00  -4.692152E-01   0.0
            54      G      0.0            0.0            2.769309E-01   7.678000E+00  -3.953018E+00   0.0
            55      G      0.0            0.0            8.510157E-01   1.205227E+01  -7.181858E+00   0.0
            56      G      0.0            0.0            0.0            0.0            0.0            0.0
            57      G      0.0            0.0           -2.333747E-01   4.185890E-05   4.072556E+00   0.0
            58      G      0.0            0.0           -4.396478E-01   4.427209E-05  -3.369397E-01   0.0
            59      G      0.0            0.0           -1.967593E-01   2.137288E-05  -4.148687E+00   0.0
            60      G      0.0            0.0            3.180722E-01  -2.023029E-05  -5.295453E+00   0.0
            61      G      0.0            0.0            7.061580E-01  -4.385522E-05  -2.015110E+00   0.0
            62      G      0.0            0.0            7.108621E-01  -3.106752E-05   1.571323E+00   0.0
            63      G      0.0            0.0            4.879003E-01   4.114794E-06   2.175930E+00   0.0
            64      G      0.0            0.0            4.075392E-01   3.317892E-05  -8.473537E-01   0.0
            65      G      0.0            0.0            7.027629E-01   3.523488E-05  -4.678949E+00   0.0
            66      G      0.0            0.0            1.499633E+00   4.081935E-05  -1.094434E+01   0.0
            67      G      0.0            0.0            2.501972E-01   4.932973E+00   4.120853E+00   0.0
            68      G      0.0            0.0           -1.572286E-01   1.545210E+00   3.534918E+00   0.0
            69      G      0.0            0.0           -3.910928E-01   1.010177E+00   7.109358E-01   0.0
            70      G      0.0            0.0           -2.211498E-01  -3.317246E-01  -3.735859E+00   0.0
            71      G      0.0            0.0            2.164278E-01  -1.763176E+00  -4.213859E+00   0.0
            72      G      0.0            0.0            5.103288E-01  -3.498208E+00  -1.255980E+00   0.0
            73      G      0.0            0.0            4.356167E-01  -4.956985E+00   2.348862E+00   0.0
            74      G      0.0            0.0            1.543403E-01  -6.002840E+00   2.545596E+00   0.0
            75      G      0.0            0.0            3.652501E-02  -6.658999E+00  -4.692363E-01   0.0
            76      G      0.0            0.0            2.769303E-01  -7.677987E+00  -3.952981E+00   0.0
            77      G      0.0            0.0            8.510108E-01  -1.205231E+01  -7.181813E+00   0.0
            78      G      0.0            0.0            6.823028E-01   3.480298E+00   7.419916E+00   0.0
            79      G      0.0            0.0            3.861417E-02   2.222384E+00   4.982830E+00   0.0
            80      G      0.0            0.0           -2.964239E-01   9.083837E-01   1.307559E+00   0.0
            81      G      0.0            0.0           -2.397270E-01   1.841929E-01  -2.114235E+00   0.0
            82      G      0.0            0.0            2.976517E-02  -1.466518E+00  -2.541066E+00   0.0
            83      G      0.0            0.0            1.340501E-01  -3.241853E+00   7.379606E-01   0.0
            84      G      0.0            0.0           -1.105224E-01  -4.903693E+00   3.650086E+00   0.0
            85      G      0.0            0.0           -4.966607E-01  -5.733339E+00   3.293885E+00   0.0
            86      G      0.0            0.0           -6.704258E-01  -6.022307E+00  -7.848190E-02   0.0
            87      G      0.0            0.0           -5.107872E-01  -6.486266E+00  -2.696930E+00   0.0
            88      G      0.0            0.0           -3.397813E-01  -1.002650E+01  -3.099158E-01   0.0
            89      G      0.0            0.0            8.380595E-01  -5.181956E-01   8.201869E+00   0.0
            90      G      0.0            0.0            1.362133E-01  -3.795913E-01   5.391049E+00   0.0
            91      G      0.0            0.0           -2.265189E-01   4.333614E-01   1.467986E+00   0.0
            92      G      0.0            0.0           -1.910676E-01   8.428170E-01  -1.828290E+00   0.0
            93      G      0.0            0.0            8.451655E-04   1.070230E+00  -1.334325E+00   0.0
            94      G      0.0            0.0           -2.167623E-02   4.699247E-01   1.964120E+00   0.0
            95      G      0.0            0.0           -3.738597E-01   1.111648E-01   4.469269E+00   0.0
            96      G      0.0            0.0           -7.916741E-01   3.957573E-01   3.085940E+00   0.0
            97      G      0.0            0.0           -9.240816E-01   1.547778E+00  -6.379687E-01   0.0
            98      G      0.0            0.0           -7.325621E-01   2.664568E+00  -2.699516E+00   0.0
            99      G      0.0            0.0           -6.625404E-01   4.217965E+00   1.750343E+00   0.0
           100      G      0.0            0.0            5.572414E-01  -5.024860E+00   7.350655E+00   0.0
1    MSC.NASTRAN JOB CREATED ON 09-NOV-20 AT 15:26:16                      NOVEMBER   9, 2020  MSC Nastran  3/11/18   PAGE    78
     DEFAULT                                                                                                                        
0                                                                                                            SUBCASE 1              
      EIGENVALUE =  6.878639E+05
          CYCLES =  1.319992E+02         R E A L   E I G E N V E C T O R   N O .         18
 
      POINT ID.   TYPE          T1             T2             T3             R1             R2             R3
           101      G      0.0            0.0           -4.353986E-02  -3.197888E+00   4.225682E+00   0.0
           102      G      0.0            0.0           -2.590885E-01  -1.153453E+00  -2.424865E-01   0.0
           103      G      0.0            0.0           -6.222474E-02   1.546904E+00  -3.284696E+00   0.0
           104      G      0.0            0.0            2.401044E-01   3.427386E+00  -2.065843E+00   0.0
           105      G      0.0            0.0            2.487521E-01   4.554071E+00   2.019507E+00   0.0
           106      G      0.0            0.0           -9.251199E-02   5.031209E+00   4.138312E+00   0.0
           107      G      0.0            0.0           -4.276093E-01   6.268296E+00   1.768609E+00   0.0
           108      G      0.0            0.0           -3.846111E-01   8.473551E+00  -2.733994E+00   0.0
           109      G      0.0            0.0            1.023046E-02   1.128788E+01  -4.558907E+00   0.0
           110      G      0.0            0.0            3.776846E-01   1.556295E+01  -2.348818E+00   0.0
           111      G      0.0            0.0           -5.512046E-02  -7.129709E+00   6.058278E+00   0.0
           112      G      0.0            0.0           -5.202890E-01  -6.295529E+00   2.814538E+00   0.0
           113      G      0.0            0.0           -4.953545E-01  -3.623813E+00  -3.578597E+00   0.0
           114      G      0.0            0.0            8.532765E-02   1.252770E+00  -7.519703E+00   0.0
           115      G      0.0            0.0            7.359708E-01   6.231787E+00  -4.716303E+00   0.0
           116      G      0.0            0.0            8.846176E-01   7.779825E+00   1.881520E+00   0.0
           117      G      0.0            0.0            5.144303E-01   6.572486E+00   4.816586E+00   0.0
           118      G      0.0            0.0            2.163065E-01   5.924876E+00   3.496415E-01   0.0
           119      G      0.0            0.0            5.351769E-01   9.120953E+00  -6.747041E+00   0.0
           120      G      0.0            0.0            1.339909E+00   1.443771E+01  -8.615251E+00   0.0
           121      G      0.0            0.0            2.146351E+00   1.887697E+01  -7.045720E+00   0.0
1    MSC.NASTRAN JOB CREATED ON 09-NOV-20 AT 15:26:16                      NOVEMBER   9, 2020  MSC Nastran  3/11/18   PAGE    79
     DEFAULT                                                                                                                        
0                                                                                                            SUBCASE 1              
      EIGENVALUE =  8.142224E+05
          CYCLES =  1.436123E+02         R E A L   E I G E N V E C T O R   N O .         19
 
      POINT ID.   TYPE          T1             T2             T3             R1             R2             R3
             1      G      0.0            0.0           -1.613729E+00   1.299339E+01  -8.761790E+00   0.0
             2      G      0.0            0.0           -6.240665E-01   5.646538E+00  -1.097140E+01   0.0
             3      G      0.0            0.0            5.012872E-01  -4.636884E+00  -1.121492E+01   0.0
             4      G      0.0            0.0            1.226133E+00  -1.148392E+01  -3.052041E+00   0.0
             5      G      0.0            0.0            1.007572E+00  -9.656147E+00   7.333027E+00   0.0
             6      G      0.0            0.0            3.631243E-02  -6.462158E-01   1.178796E+01   0.0
             7      G      0.0            0.0           -9.215967E-01   8.505128E+00   7.184727E+00   0.0
             8      G      0.0            0.0           -1.161731E+00   1.132995E+01  -2.255603E+00   0.0
             9      G      0.0            0.0           -5.851151E-01   6.179202E+00  -8.984848E+00   0.0
            10      G      0.0            0.0            3.073192E-01  -2.036150E+00  -8.696536E+00   0.0
            11      G      0.0            0.0            1.087762E+00  -8.017055E+00  -6.991317E+00   0.0
            12      G      0.0            0.0           -2.880544E-01   1.333991E+01  -1.252609E+00   0.0
            13      G      0.0            0.0           -1.204159E-01   4.371085E+00  -2.140109E+00   0.0
            14      G      0.0            0.0            1.025501E-01  -3.275091E+00  -2.292496E+00   0.0
            15      G      0.0            0.0            2.494965E-01  -7.912016E+00  -6.090439E-01   0.0
            16      G      0.0            0.0            1.878386E-01  -6.625109E+00   1.808997E+00   0.0
            17      G      0.0            0.0           -3.294517E-02  -7.392144E-01   2.560537E+00   0.0
            18      G      0.0            0.0           -2.061971E-01   5.668076E+00   9.853955E-01   0.0
            19      G      0.0            0.0           -1.848808E-01   7.994577E+00  -1.202724E+00   0.0
            20      G      0.0            0.0           -2.108191E-02   4.904506E+00  -1.926774E+00   0.0
            21      G      0.0            0.0            1.278413E-01  -1.676421E+00  -1.132764E+00   0.0
            22      G      0.0            0.0            2.243416E-01  -9.277764E+00  -9.707692E-01   0.0
            23      G      0.0            0.0            8.774518E-01   9.542737E+00   7.542384E+00   0.0
            24      G      0.0            0.0            2.380127E-01   2.659691E+00   5.152594E+00   0.0
            25      G      0.0            0.0           -2.052449E-01  -2.694962E+00   3.434224E+00   0.0
            26      G      0.0            0.0           -4.334871E-01  -5.358533E+00   9.694480E-01   0.0
            27      G      0.0            0.0           -3.879596E-01  -4.571186E+00  -1.852077E+00   0.0
            28      G      0.0            0.0           -9.554112E-02  -4.826180E-01  -3.758729E+00   0.0
            29      G      0.0            0.0            2.820365E-01   3.806240E+00  -3.425509E+00   0.0
            30      G      0.0            0.0            5.046371E-01   5.365816E+00  -7.327224E-01   0.0
            31      G      0.0            0.0            3.936843E-01   3.073849E+00   2.934699E+00   0.0
            32      G      0.0            0.0           -4.277571E-02  -1.792017E+00   5.447308E+00   0.0
            33      G      0.0            0.0           -6.889342E-01  -8.797031E+00   7.231164E+00   0.0
            34      G      0.0            0.0            1.285309E+00  -1.445802E+00   1.211121E+01   0.0
            35      G      0.0            0.0            3.170426E-01  -1.034763E+00   7.150489E+00   0.0
            36      G      0.0            0.0           -3.565519E-01  -1.434032E-01   5.920149E+00   0.0
            37      G      0.0            0.0           -7.494631E-01  -7.099460E-01   1.668921E+00   0.0
            38      G      0.0            0.0           -6.480777E-01  -4.293096E-01  -3.628159E+00   0.0
            39      G      0.0            0.0           -1.189209E-01   6.051253E-02  -6.574848E+00   0.0
            40      G      0.0            0.0            5.007596E-01   4.578183E-01  -5.323325E+00   0.0
            41      G      0.0            0.0            8.001281E-01   3.785414E-01  -3.613290E-01   0.0
            42      G      0.0            0.0            5.472788E-01  -8.749846E-02   5.299105E+00   0.0
            43      G      0.0            0.0           -1.717348E-01  -7.186008E-01   8.613343E+00   0.0
            44      G      0.0            0.0           -1.223196E+00  -1.679512E+00   1.215946E+01   0.0
            45      G      0.0            0.0            6.137753E-01  -1.160205E+01   2.768338E+00   0.0
            46      G      0.0            0.0            2.174780E-01  -7.182369E-01   5.160468E+00   0.0
            47      G      0.0            0.0           -2.745410E-01   1.815433E+00   4.376658E+00   0.0
            48      G      0.0            0.0           -5.603331E-01   4.418595E+00   1.146615E+00   0.0
            49      G      0.0            0.0           -4.789342E-01   3.733430E+00  -2.722659E+00   0.0
            50      G      0.0            0.0           -8.289598E-02   6.745309E-01  -4.915563E+00   0.0
1    MSC.NASTRAN JOB CREATED ON 09-NOV-20 AT 15:26:16                      NOVEMBER   9, 2020  MSC Nastran  3/11/18   PAGE    80
     DEFAULT                                                                                                                        
0                                                                                                            SUBCASE 1              
      EIGENVALUE =  8.142224E+05
          CYCLES =  1.436123E+02         R E A L   E I G E N V E C T O R   N O .         19
 
      POINT ID.   TYPE          T1             T2             T3             R1             R2             R3
            51      G      0.0            0.0            3.725958E-01  -2.887057E+00  -3.845075E+00   0.0
            52      G      0.0            0.0            5.806431E-01  -4.562645E+00  -1.212097E-01   0.0
            53      G      0.0            0.0            3.809973E-01  -3.050227E+00   4.009332E+00   0.0
            54      G      0.0            0.0           -1.558280E-01   1.143700E+00   6.395202E+00   0.0
            55      G      0.0            0.0           -9.426439E-01   7.314936E+00   9.174843E+00   0.0
            56      G      0.0            0.0            0.0            0.0            0.0            0.0
            57      G      0.0            0.0           -1.870195E-07  -3.437514E+00   3.224288E-06   0.0
            58      G      0.0            0.0           -3.614591E-07   3.506140E+00   1.300706E-07   0.0
            59      G      0.0            0.0           -3.684738E-07   6.405425E+00  -7.303156E-08   0.0
            60      G      0.0            0.0           -2.256213E-07   5.521114E+00  -2.477240E-06   0.0
            61      G      0.0            0.0           -5.771725E-08   9.419211E-01  -7.387348E-07   0.0
            62      G      0.0            0.0            1.083844E-08  -4.280701E+00  -8.932216E-07   0.0
            63      G      0.0            0.0            1.250354E-08  -6.607151E+00   8.519486E-07   0.0
            64      G      0.0            0.0            3.680336E-08  -4.225541E+00  -1.302380E-06   0.0
            65      G      0.0            0.0            1.597775E-07   2.051854E+00  -1.197105E-06   0.0
            66      G      0.0            0.0            6.054195E-07   1.135901E+01  -7.521765E-06   0.0
            67      G      0.0            0.0           -6.137822E-01  -1.160206E+01  -2.768395E+00   0.0
            68      G      0.0            0.0           -2.174800E-01  -7.182241E-01  -5.160507E+00   0.0
            69      G      0.0            0.0            2.745423E-01   1.815420E+00  -4.376685E+00   0.0
            70      G      0.0            0.0            5.603366E-01   4.418565E+00  -1.146628E+00   0.0
            71      G      0.0            0.0            4.789374E-01   3.733406E+00   2.722676E+00   0.0
            72      G      0.0            0.0            8.289663E-02   6.745297E-01   4.915595E+00   0.0
            73      G      0.0            0.0           -3.725983E-01  -2.887033E+00   3.845104E+00   0.0
            74      G      0.0            0.0           -5.806473E-01  -4.562610E+00   1.212111E-01   0.0
            75      G      0.0            0.0           -3.810002E-01  -3.050207E+00  -4.009358E+00   0.0
            76      G      0.0            0.0            1.558289E-01   1.143684E+00  -6.395251E+00   0.0
            77      G      0.0            0.0            9.426506E-01   7.314860E+00  -9.174908E+00   0.0
            78      G      0.0            0.0           -1.285309E+00  -1.445798E+00  -1.211122E+01   0.0
            79      G      0.0            0.0           -3.170425E-01  -1.034758E+00  -7.150487E+00   0.0
            80      G      0.0            0.0            3.565520E-01  -1.434007E-01  -5.920152E+00   0.0
            81      G      0.0            0.0            7.494634E-01  -7.099416E-01  -1.668921E+00   0.0
            82      G      0.0            0.0            6.480782E-01  -4.293070E-01   3.628157E+00   0.0
            83      G      0.0            0.0            1.189213E-01   6.051462E-02   6.574851E+00   0.0
            84      G      0.0            0.0           -5.007595E-01   4.578190E-01   5.323327E+00   0.0
            85      G      0.0            0.0           -8.001282E-01   3.785409E-01   3.613303E-01   0.0
            86      G      0.0            0.0           -5.472790E-01  -8.749900E-02  -5.299105E+00   0.0
            87      G      0.0            0.0            1.717347E-01  -7.186051E-01  -8.613342E+00   0.0
            88      G      0.0            0.0            1.223196E+00  -1.679521E+00  -1.215946E+01   0.0
            89      G      0.0            0.0           -8.774516E-01   9.542741E+00  -7.542383E+00   0.0
            90      G      0.0            0.0           -2.380125E-01   2.659690E+00  -5.152596E+00   0.0
            91      G      0.0            0.0            2.052453E-01  -2.694961E+00  -3.434225E+00   0.0
            92      G      0.0            0.0            4.334876E-01  -5.358534E+00  -9.694501E-01   0.0
            93      G      0.0            0.0            3.879601E-01  -4.571187E+00   1.852078E+00   0.0
            94      G      0.0            0.0            9.554151E-02  -4.826208E-01   3.758732E+00   0.0
            95      G      0.0            0.0           -2.820364E-01   3.806238E+00   3.425512E+00   0.0
            96      G      0.0            0.0           -5.046372E-01   5.365816E+00   7.327225E-01   0.0
            97      G      0.0            0.0           -3.936845E-01   3.073849E+00  -2.934698E+00   0.0
            98      G      0.0            0.0            4.277537E-02  -1.792016E+00  -5.447306E+00   0.0
            99      G      0.0            0.0            6.889335E-01  -8.797029E+00  -7.231158E+00   0.0
           100      G      0.0            0.0            2.880544E-01   1.333990E+01   1.252610E+00   0.0
1    MSC.NASTRAN JOB CREATED ON 09-NOV-20 AT 15:26:16                      NOVEMBER   9, 2020  MSC Nastran  3/11/18   PAGE    81
     DEFAULT                                                                                                                        
0                                                                                                            SUBCASE 1              
      EIGENVALUE =  8.142224E+05
          CYCLES =  1.436123E+02         R E A L   E I G E N V E C T O R   N O .         19
 
      POINT ID.   TYPE          T1             T2             T3             R1             R2             R3
           101      G      0.0            0.0            1.204159E-01   4.371082E+00   2.140107E+00   0.0
           102      G      0.0            0.0           -1.025499E-01  -3.275096E+00   2.292494E+00   0.0
           103      G      0.0            0.0           -2.494963E-01  -7.912019E+00   6.090448E-01   0.0
           104      G      0.0            0.0           -1.878386E-01  -6.625116E+00  -1.808995E+00   0.0
           105      G      0.0            0.0            3.294510E-02  -7.392203E-01  -2.560535E+00   0.0
           106      G      0.0            0.0            2.061969E-01   5.668074E+00  -9.853962E-01   0.0
           107      G      0.0            0.0            1.848808E-01   7.994579E+00   1.202722E+00   0.0
           108      G      0.0            0.0            2.108199E-02   4.904511E+00   1.926773E+00   0.0
           109      G      0.0            0.0           -1.278413E-01  -1.676416E+00   1.132766E+00   0.0
           110      G      0.0            0.0           -2.243418E-01  -9.277757E+00   9.707723E-01   0.0
           111      G      0.0            0.0            1.613729E+00   1.299338E+01   8.761788E+00   0.0
           112      G      0.0            0.0            6.240661E-01   5.646533E+00   1.097140E+01   0.0
           113      G      0.0            0.0           -5.012874E-01  -4.636887E+00   1.121492E+01   0.0
           114      G      0.0            0.0           -1.226133E+00  -1.148392E+01   3.052045E+00   0.0
           115      G      0.0            0.0           -1.007573E+00  -9.656156E+00  -7.333024E+00   0.0
           116      G      0.0            0.0           -3.631325E-02  -6.462246E-01  -1.178796E+01   0.0
           117      G      0.0            0.0            9.215962E-01   8.505124E+00  -7.184734E+00   0.0
           118      G      0.0            0.0            1.161731E+00   1.132996E+01   2.255595E+00   0.0
           119      G      0.0            0.0            5.851158E-01   6.179210E+00   8.984848E+00   0.0
           120      G      0.0            0.0           -3.073187E-01  -2.036144E+00   8.696539E+00   0.0
           121      G      0.0            0.0           -1.087762E+00  -8.017050E+00   6.991316E+00   0.0
1    MSC.NASTRAN JOB CREATED ON 09-NOV-20 AT 15:26:16                      NOVEMBER   9, 2020  MSC Nastran  3/11/18   PAGE    82
     DEFAULT                                                                                                                        
0                                                                                                            SUBCASE 1              
      EIGENVALUE =  8.575399E+05
          CYCLES =  1.473830E+02         R E A L   E I G E N V E C T O R   N O .         20
 
      POINT ID.   TYPE          T1             T2             T3             R1             R2             R3
             1      G      0.0            0.0           -5.560733E-01   3.537232E+00  -3.244146E+00   0.0
             2      G      0.0            0.0           -2.847338E-01   3.693396E+00  -2.135961E+00   0.0
             3      G      0.0            0.0           -2.465882E-01   4.982119E+00   1.665198E+00   0.0
             4      G      0.0            0.0           -6.388074E-01   9.983308E+00   6.279577E+00   0.0
             5      G      0.0            0.0           -1.270770E+00   1.509763E+01   6.117474E+00   0.0
             6      G      0.0            0.0           -1.571284E+00   1.729048E+01  -4.385687E-01   0.0
             7      G      0.0            0.0           -1.141467E+00   1.233319E+01  -8.213078E+00   0.0
             8      G      0.0            0.0           -1.952755E-01   3.338741E+00  -1.043732E+01   0.0
             9      G      0.0            0.0            5.958095E-01  -5.078274E+00  -5.127606E+00   0.0
            10      G      0.0            0.0            7.219253E-01  -8.928706E+00   2.523193E+00   0.0
            11      G      0.0            0.0            2.514766E-01  -1.014192E+01   6.698438E+00   0.0
            12      G      0.0            0.0           -2.040981E-01   2.946866E+00  -2.342577E+00   0.0
            13      G      0.0            0.0            5.993631E-02   2.606538E+00  -2.935777E+00   0.0
            14      G      0.0            0.0            2.848759E-01   4.957477E+00  -1.258925E+00   0.0
            15      G      0.0            0.0            2.928609E-01   7.858795E+00   1.321811E+00   0.0
            16      G      0.0            0.0            1.037125E-01   1.157401E+01   2.399226E+00   0.0
            17      G      0.0            0.0           -8.156476E-02   1.175241E+01   1.037626E+00   0.0
            18      G      0.0            0.0           -6.287498E-02   8.660527E+00  -1.593508E+00   0.0
            19      G      0.0            0.0            1.237072E-01   2.695058E+00  -2.117549E+00   0.0
            20      G      0.0            0.0            2.245782E-01  -2.447928E+00   1.594705E-01   0.0
            21      G      0.0            0.0            1.175759E-02  -5.186386E+00   3.967644E+00   0.0
            22      G      0.0            0.0           -5.755292E-01  -6.225497E+00   7.629469E+00   0.0
            23      G      0.0            0.0           -3.127638E-02   1.370113E-01  -1.933300E+00   0.0
            24      G      0.0            0.0            1.887529E-01  -4.178288E-01  -2.603296E+00   0.0
            25      G      0.0            0.0            4.832629E-01  -1.505561E+00  -3.070635E+00   0.0
            26      G      0.0            0.0            7.564213E-01   7.403364E-01  -2.023586E+00   0.0
            27      G      0.0            0.0            8.495227E-01   2.516062E+00   3.163779E-01   0.0
            28      G      0.0            0.0            7.395537E-01   3.866120E+00   1.735579E+00   0.0
            29      G      0.0            0.0            5.089257E-01   2.162228E+00   2.550590E+00   0.0
            30      G      0.0            0.0            2.531411E-01  -4.002949E-01   2.325297E+00   0.0
            31      G      0.0            0.0            9.873399E-04  -2.032426E+00   2.615228E+00   0.0
            32      G      0.0            0.0           -2.938804E-01  -7.744330E-01   3.211154E+00   0.0
            33      G      0.0            0.0           -7.845769E-01   2.234894E+00   6.573339E+00   0.0
            34      G      0.0            0.0           -3.549620E-02   4.505684E-01   8.391947E-01   0.0
            35      G      0.0            0.0           -8.323686E-02  -4.311354E+00  -3.184574E-01   0.0
            36      G      0.0            0.0            6.544451E-02  -6.055173E+00  -2.608585E+00   0.0
            37      G      0.0            0.0            3.628923E-01  -7.875856E+00  -2.952229E+00   0.0
            38      G      0.0            0.0            6.298971E-01  -6.246954E+00  -1.985124E+00   0.0
            39      G      0.0            0.0            6.481671E-01  -5.168183E+00   1.590321E+00   0.0
            40      G      0.0            0.0            3.785321E-01  -4.314550E+00   3.417495E+00   0.0
            41      G      0.0            0.0            2.620681E-02  -3.774483E+00   3.211895E+00   0.0
            42      G      0.0            0.0           -1.864415E-01  -1.487989E+00   9.137057E-01   0.0
            43      G      0.0            0.0           -1.923329E-01   2.837136E+00  -6.745792E-01   0.0
            44      G      0.0            0.0           -1.584748E-01   1.014284E+01   1.098836E-01   0.0
            45      G      0.0            0.0           -3.761781E-02   4.103740E-01   4.516957E+00   0.0
            46      G      0.0            0.0           -4.346240E-01  -1.605544E+00   2.648389E+00   0.0
            47      G      0.0            0.0           -6.391615E-01  -6.745207E+00   1.149727E+00   0.0
            48      G      0.0            0.0           -4.863656E-01  -7.586908E+00  -3.770705E+00   0.0
            49      G      0.0            0.0           -1.391622E-01  -7.655125E+00  -2.668571E+00   0.0
            50      G      0.0            0.0           -6.615452E-06  -6.437381E+00   2.054122E-03   0.0
1    MSC.NASTRAN JOB CREATED ON 09-NOV-20 AT 15:26:16                      NOVEMBER   9, 2020  MSC Nastran  3/11/18   PAGE    83
     DEFAULT                                                                                                                        
0                                                                                                            SUBCASE 1              
      EIGENVALUE =  8.575399E+05
          CYCLES =  1.473830E+02         R E A L   E I G E N V E C T O R   N O .         20
 
      POINT ID.   TYPE          T1             T2             T3             R1             R2             R3
            51      G      0.0            0.0           -1.579527E-01  -5.327388E+00   2.750896E+00   0.0
            52      G      0.0            0.0           -3.803151E-01  -3.596383E+00   1.243602E+00   0.0
            53      G      0.0            0.0           -3.231164E-01  -8.992127E-01  -2.449956E+00   0.0
            54      G      0.0            0.0            1.079587E-01   3.124186E+00  -5.816267E+00   0.0
            55      G      0.0            0.0            8.342358E-01   9.382602E+00  -8.486131E+00   0.0
            56      G      0.0            0.0            0.0            0.0            0.0            0.0
            57      G      0.0            0.0           -5.064348E-01   9.293488E-06   8.839878E+00   0.0
            58      G      0.0            0.0           -9.946858E-01   5.759504E-06   6.505545E-01   0.0
            59      G      0.0            0.0           -8.924499E-01   6.582705E-06  -2.354904E+00   0.0
            60      G      0.0            0.0           -5.559290E-01   5.563898E-06  -3.776060E+00   0.0
            61      G      0.0            0.0           -3.532953E-01   5.714281E-06  -1.436194E-01   0.0
            62      G      0.0            0.0           -4.513966E-01   6.469823E-06   1.729638E+00   0.0
            63      G      0.0            0.0           -5.780680E-01   6.145639E-06   3.384455E-01   0.0
            64      G      0.0            0.0           -3.760747E-01   4.119348E-06  -4.385859E+00   0.0
            65      G      0.0            0.0            2.661437E-01  -1.796782E-06  -8.004072E+00   0.0
            66      G      0.0            0.0            1.312078E+00  -6.260320E-06  -1.264785E+01   0.0
            67      G      0.0            0.0           -3.761685E-02  -4.103590E-01   4.516950E+00   0.0
            68      G      0.0            0.0           -4.346204E-01   1.605569E+00   2.648349E+00   0.0
            69      G      0.0            0.0           -6.391550E-01   6.745241E+00   1.149709E+00   0.0
            70      G      0.0            0.0           -4.863581E-01   7.586947E+00  -3.770707E+00   0.0
            71      G      0.0            0.0           -1.391552E-01   7.655156E+00  -2.668563E+00   0.0
            72      G      0.0            0.0           -4.005084E-07   6.437407E+00   2.061921E-03   0.0
            73      G      0.0            0.0           -1.579472E-01   5.327411E+00   2.750904E+00   0.0
            74      G      0.0            0.0           -3.803109E-01   3.596406E+00   1.243619E+00   0.0
            75      G      0.0            0.0           -3.231146E-01   8.992225E-01  -2.449923E+00   0.0
            76      G      0.0            0.0            1.079564E-01  -3.124199E+00  -5.816221E+00   0.0
            77      G      0.0            0.0            8.342278E-01  -9.382656E+00  -8.486061E+00   0.0
            78      G      0.0            0.0           -3.549532E-02  -4.505647E-01   8.392052E-01   0.0
            79      G      0.0            0.0           -8.323675E-02   4.311351E+00  -3.184524E-01   0.0
            80      G      0.0            0.0            6.544414E-02   6.055167E+00  -2.608581E+00   0.0
            81      G      0.0            0.0            3.628916E-01   7.875848E+00  -2.952227E+00   0.0
            82      G      0.0            0.0            6.298964E-01   6.246946E+00  -1.985126E+00   0.0
            83      G      0.0            0.0            6.481666E-01   5.168176E+00   1.590318E+00   0.0
            84      G      0.0            0.0            3.785321E-01   4.314544E+00   3.417490E+00   0.0
            85      G      0.0            0.0            2.620717E-02   3.774478E+00   3.211893E+00   0.0
            86      G      0.0            0.0           -1.864413E-01   1.487987E+00   9.137093E-01   0.0
            87      G      0.0            0.0           -1.923330E-01  -2.837134E+00  -6.745756E-01   0.0
            88      G      0.0            0.0           -1.584755E-01  -1.014283E+01   1.098922E-01   0.0
            89      G      0.0            0.0           -3.127580E-02  -1.370200E-01  -1.933291E+00   0.0
            90      G      0.0            0.0            1.887527E-01   4.178275E-01  -2.603290E+00   0.0
            91      G      0.0            0.0            4.832622E-01   1.505562E+00  -3.070631E+00   0.0
            92      G      0.0            0.0            7.564204E-01  -7.403321E-01  -2.023585E+00   0.0
            93      G      0.0            0.0            8.495217E-01  -2.516058E+00   3.163775E-01   0.0
            94      G      0.0            0.0            7.395529E-01  -3.866118E+00   1.735576E+00   0.0
            95      G      0.0            0.0            5.089253E-01  -2.162229E+00   2.550586E+00   0.0
            96      G      0.0            0.0            2.531410E-01   4.002922E-01   2.325295E+00   0.0
            97      G      0.0            0.0            9.873947E-04   2.032425E+00   2.615228E+00   0.0
            98      G      0.0            0.0           -2.938805E-01   7.744325E-01   3.211157E+00   0.0
            99      G      0.0            0.0           -7.845771E-01  -2.234890E+00   6.573339E+00   0.0
           100      G      0.0            0.0           -2.040984E-01  -2.946874E+00  -2.342578E+00   0.0
1    MSC.NASTRAN JOB CREATED ON 09-NOV-20 AT 15:26:16                      NOVEMBER   9, 2020  MSC Nastran  3/11/18   PAGE    84
     DEFAULT                                                                                                                        
0                                                                                                            SUBCASE 1              
      EIGENVALUE =  8.575399E+05
          CYCLES =  1.473830E+02         R E A L   E I G E N V E C T O R   N O .         20
 
      POINT ID.   TYPE          T1             T2             T3             R1             R2             R3
           101      G      0.0            0.0            5.993615E-02  -2.606538E+00  -2.935777E+00   0.0
           102      G      0.0            0.0            2.848759E-01  -4.957468E+00  -1.258926E+00   0.0
           103      G      0.0            0.0            2.928609E-01  -7.858781E+00   1.321810E+00   0.0
           104      G      0.0            0.0            1.037125E-01  -1.157400E+01   2.399227E+00   0.0
           105      G      0.0            0.0           -8.156491E-02  -1.175240E+01   1.037627E+00   0.0
           106      G      0.0            0.0           -6.287517E-02  -8.660523E+00  -1.593508E+00   0.0
           107      G      0.0            0.0            1.237071E-01  -2.695057E+00  -2.117550E+00   0.0
           108      G      0.0            0.0            2.245781E-01   2.447927E+00   1.594700E-01   0.0
           109      G      0.0            0.0            1.175757E-02   5.186387E+00   3.967643E+00   0.0
           110      G      0.0            0.0           -5.755292E-01   6.225499E+00   7.629469E+00   0.0
           111      G      0.0            0.0           -5.560744E-01  -3.537241E+00  -3.244154E+00   0.0
           112      G      0.0            0.0           -2.847339E-01  -3.693394E+00  -2.135973E+00   0.0
           113      G      0.0            0.0           -2.465872E-01  -4.982106E+00   1.665188E+00   0.0
           114      G      0.0            0.0           -6.388057E-01  -9.983288E+00   6.279575E+00   0.0
           115      G      0.0            0.0           -1.270769E+00  -1.509762E+01   6.117479E+00   0.0
           116      G      0.0            0.0           -1.571283E+00  -1.729046E+01  -4.385621E-01   0.0
           117      G      0.0            0.0           -1.141467E+00  -1.233318E+01  -8.213073E+00   0.0
           118      G      0.0            0.0           -1.952755E-01  -3.338740E+00  -1.043731E+01   0.0
           119      G      0.0            0.0            5.958093E-01   5.078273E+00  -5.127607E+00   0.0
           120      G      0.0            0.0            7.219254E-01   8.928707E+00   2.523189E+00   0.0
           121      G      0.0            0.0            2.514770E-01   1.014192E+01   6.698437E+00   0.0
1    MSC.NASTRAN JOB CREATED ON 09-NOV-20 AT 15:26:16                      NOVEMBER   9, 2020  MSC Nastran  3/11/18   PAGE    85
                                                                                                                                    
0                                                                                                            SUBCASE 1              
 * * * *  D B D I C T   P R I N T  * * * *      SUBDMAP = PRTSUM  ,  DMAP STATEMENT NO.     71



0                                   * * * *  A N A L Y S I S  S U M M A R Y  T A B L E  * * * *
0 SEID  PEID PROJ VERS APRCH      SEMG SEMR SEKR SELG SELR MODES DYNRED SOLLIN PVALID SOLNL LOOPID DESIGN CYCLE SENSITIVITY
 --------------------------------------------------------------------------------------------------------------------------
     0     0    1    1 '        '    T    T    T    T    T     T      F      T      0     F     -1            0           F
0SEID = SUPERELEMENT ID.
 PEID = PRIMARY SUPERELEMENT ID OF IMAGE SUPERELEMENT.
 PROJ = PROJECT ID NUMBER.
 VERS = VERSION ID.
 APRCH = BLANK FOR STRUCTURAL ANALYSIS.  HEAT FOR HEAT TRANSFER ANALYSIS.
 SEMG = STIFFNESS AND MASS MATRIX GENERATION STEP.
 SEMR = MASS MATRIX REDUCTION STEP (INCLUDES EIGENVALUE SOLUTION FOR MODES).
 SEKR = STIFFNESS MATRIX REDUCTION STEP.
 SELG = LOAD MATRIX GENERATION STEP.
 SELR = LOAD MATRIX REDUCTION STEP. 
 MODES = T (TRUE) IF NORMAL MODES OR BUCKLING MODES CALCULATED.
 DYNRED = T (TRUE) MEANS GENERALIZED DYNAMIC AND/OR COMPONENT MODE REDUCTION PERFORMED.
 SOLLIN = T (TRUE) IF LINEAR SOLUTION EXISTS IN DATABASE.
 PVALID = P-DISTRIBUTION ID OF P-VALUE FOR P-ELEMENTS
 LOOPID = THE LAST LOOPID VALUE USED IN THE NONLINEAR ANALYSIS.  USEFUL FOR RESTARTS.
 SOLNL = T (TRUE) IF NONLINEAR SOLUTION EXISTS IN DATABASE.
 DESIGN CYCLE = THE LAST DESIGN CYCLE (ONLY VALID IN OPTIMIZATION).
 SENSITIVITY = SENSITIVITY MATRIX GENERATION FLAG.
 
 No PARAM values were set in the Control File.
 
1                                        * * * END OF JOB * * *
 
 
 No Symbolic Replacement variables or values were specified.

